order_id,order_date,customer_id,region,category,sub_category,product,quantity,unit_price,discount,sales,profit,payment_method
ORD-101070,2024-01-01,CUST-00391,West,Beauty,Skincare,HydraBoost Moisturizer,1,1234.37,0.1,1110.93,498.1,UPI
ORD-101945,2024-01-01,CUST-00595,East,Electronics,Laptop,AirBook Slim,1,80111.49,0.1,72100.34,5701.57,Cash on Delivery
ORD-100664,2024-01-02,CUST-00549,East,Electronics,Mobile,Galaxy Nova X5,1,24219.42,0.1,21797.48,2187.61,UPI
ORD-101555,2024-01-02,CUST-00220,North,Home & Kitchen,Appliances,ColdBrew Coffee Maker,1,6807.91,0.0,6807.91,2498.96,Credit Card
ORD-101584,2024-01-03,CUST-00095,North,Beauty,Skincare,Vitamin C Serum,1,924.01,0.1,831.61,394.97,UPI
ORD-101499,2024-01-04,CUST-00048,South,Fashion,Footwear,RunFlex Sneakers,1,2908.04,0.05,2762.64,926.6,Credit Card
ORD-101151,2024-01-05,CUST-00042,East,Sports,Outdoor,AllWeather Tent 4P,4,12379.05,0.2,39612.96,6475.71,UPI
ORD-101166,2024-01-05,CUST-00489,North,Electronics,Laptop,AirBook Slim,1,80903.62,0.05,76858.44,7182.52,Cash on Delivery
ORD-101640,2024-01-06,CUST-00577,South,Sports,Fitness,ProYoga Mat,3,1307.21,0.05,3725.55,1285.69,UPI
ORD-101882,2024-01-06,CUST-00130,South,Sports,Outdoor,TrailHike Backpack 60L,2,3333.3,0.2,5333.28,623.79,Net Banking
ORD-100797,2024-01-07,CUST-00531,West,Beauty,Makeup,Matte Lipstick Set,2,1036.74,0.2,1658.78,471.56,UPI
ORD-100938,2024-01-07,CUST-00522,East,Fashion,Women,Knit Winter Sweater,2,2226.69,0.05,4230.71,1402.13,UPI
ORD-101263,2024-01-07,CUST-00133,South,Fashion,Women,Knit Winter Sweater,2,2115.88,0.25,3173.82,443.82,UPI
ORD-101631,2024-01-07,CUST-00027,South,Electronics,Laptop,AirBook Slim,2,75503.57,0.0,151007.14,25183.27,UPI
ORD-101717,2024-01-07,CUST-00315,North,Sports,Outdoor,AllWeather Tent 4P,1,12085.24,0.1,10876.72,3298.41,Debit Card
ORD-101901,2024-01-07,CUST-00354,South,Sports,Outdoor,TrailHike Backpack 60L,1,3426.47,0.15,2912.5,602.81,Net Banking
ORD-100355,2024-01-08,CUST-00194,North,Electronics,Audio,BassBoom Speaker,4,8557.27,0.05,32517.63,3802.44,UPI
ORD-101920,2024-01-08,CUST-00578,South,Home & Kitchen,Appliances,AirFryer Deluxe,1,8013.29,0.0,8013.29,2928.63,Cash on Delivery
ORD-100590,2024-01-09,CUST-00380,South,Beauty,Skincare,HydraBoost Moisturizer,2,1236.5,0.05,2349.35,1218.6,UPI
ORD-100603,2024-01-09,CUST-00149,East,Beauty,Makeup,HD Foundation Kit,2,1445.88,0.1,2602.58,1125.78,UPI
ORD-100697,2024-01-09,CUST-00297,West,Electronics,Mobile,Galaxy Nova X5,1,25460.08,0.0,25460.08,3670.41,Credit Card
ORD-100850,2024-01-09,CUST-00386,South,Electronics,Audio,BassBoom Speaker,4,8639.43,0.0,34557.72,6787.42,UPI
ORD-100891,2024-01-09,CUST-00487,North,Beauty,Makeup,HD Foundation Kit,2,1559.15,0.1,2806.47,1180.93,UPI
ORD-101138,2024-01-09,CUST-00439,North,Home & Kitchen,Furniture,Oakwood Study Desk,1,13120.47,0.1,11808.42,2872.47,UPI
ORD-101290,2024-01-09,CUST-00335,North,Fashion,Men,SlimFit Denim Jeans,1,2035.59,0.15,1730.25,445.59,UPI
ORD-101421,2024-01-09,CUST-00314,South,Sports,Fitness,Adjustable Dumbbell 24kg,1,9578.12,0.0,9578.12,3519.58,Credit Card
ORD-101454,2024-01-09,CUST-00359,South,Beauty,Makeup,Matte Lipstick Set,2,981.13,0.05,1864.15,850.92,Credit Card
ORD-101959,2024-01-09,CUST-00202,South,Home & Kitchen,Furniture,ErgoComfort Chair,5,8706.41,0.0,43532.05,13561.59,Debit Card
ORD-100262,2024-01-10,CUST-00136,East,Fashion,Men,SlimFit Denim Jeans,2,1980.91,0.0,3961.82,1511.85,Debit Card
ORD-101985,2024-01-10,CUST-00579,East,Fashion,Footwear,RunFlex Sneakers,3,3005.89,0.1,8115.9,2620.57,UPI
ORD-101987,2024-01-10,CUST-00445,North,Electronics,Mobile,Galaxy Nova X5,1,25495.85,0.0,25495.85,3772.82,Credit Card
ORD-100600,2024-01-11,CUST-00476,East,Electronics,Mobile,iPhone Zeta,1,72448.47,0.0,72448.47,12470.89,UPI
ORD-101471,2024-01-11,CUST-00225,North,Fashion,Footwear,RunFlex Sneakers,1,2948.07,0.0,2948.07,1255.55,UPI
ORD-101472,2024-01-11,CUST-00438,South,Fashion,Women,Knit Winter Sweater,1,2241.28,0.0,2241.28,971.88,Credit Card
ORD-100153,2024-01-12,CUST-00369,South,Sports,Outdoor,TrailHike Backpack 60L,1,3480.36,0.05,3306.34,1004.66,Credit Card
ORD-100308,2024-01-12,CUST-00569,East,Sports,Outdoor,TrailHike Backpack 60L,1,3661.83,0.2,2929.46,525.46,Cash on Delivery
ORD-100221,2024-01-13,CUST-00484,North,Fashion,Women,Floral Summer Dress,1,1812.3,0.0,1812.3,793.47,Credit Card
ORD-100617,2024-01-13,CUST-00525,West,Beauty,Makeup,Matte Lipstick Set,3,983.68,0.0,2951.04,1740.37,Debit Card
ORD-100828,2024-01-13,CUST-00583,North,Beauty,Makeup,HD Foundation Kit,2,1465.16,0.0,2930.32,1557.46,Credit Card
ORD-100901,2024-01-13,CUST-00132,East,Fashion,Men,Oxford Casual Shirt,2,1294.44,0.2,2071.1,324.36,UPI
ORD-101386,2024-01-13,CUST-00593,North,Home & Kitchen,Appliances,ColdBrew Coffee Maker,2,6607.16,0.25,9910.74,682.24,Cash on Delivery
ORD-101570,2024-01-13,CUST-00473,South,Sports,Fitness,ProYoga Mat,1,1274.71,0.05,1210.97,347.91,UPI
ORD-100638,2024-01-14,CUST-00128,East,Sports,Fitness,Adjustable Dumbbell 24kg,1,9947.92,0.25,7460.94,696.72,Credit Card
ORD-100747,2024-01-15,CUST-00373,East,Electronics,Mobile,Galaxy Nova X5,2,25490.1,0.0,50980.2,10295.49,UPI
ORD-101171,2024-01-15,CUST-00350,West,Fashion,Men,SlimFit Denim Jeans,2,1925.63,0.1,3466.13,979.01,Credit Card
ORD-101637,2024-01-15,CUST-00273,North,Electronics,Laptop,ThinkPro 14,1,53234.47,0.2,42587.58,-3732.08,UPI
ORD-100167,2024-01-16,CUST-00195,South,Electronics,Mobile,iPhone Zeta,2,69854.76,0.1,125738.57,11889.58,Cash on Delivery
ORD-101009,2024-01-16,CUST-00391,North,Fashion,Men,Oxford Casual Shirt,4,1326.59,0.2,4245.09,661.54,UPI
ORD-101245,2024-01-16,CUST-00003,East,Sports,Outdoor,TrailHike Backpack 60L,1,3406.61,0.25,2554.96,216.93,UPI
ORD-101879,2024-01-16,CUST-00169,South,Home & Kitchen,Decor,LED Wall Lamp,3,951.93,0.1,2570.21,485.59,Debit Card
ORD-100161,2024-01-17,CUST-00069,North,Fashion,Women,Knit Winter Sweater,1,2281.51,0.0,2281.51,1006.69,Credit Card
ORD-100375,2024-01-17,CUST-00310,South,Beauty,Skincare,HydraBoost Moisturizer,2,1169.52,0.25,1754.28,525.29,UPI
ORD-100432,2024-01-17,CUST-00499,North,Beauty,Makeup,HD Foundation Kit,3,1573.57,0.0,4720.71,2660.62,UPI
ORD-100453,2024-01-17,CUST-00058,West,Beauty,Skincare,HydraBoost Moisturizer,1,1216.19,0.15,1033.76,390.22,Debit Card
ORD-100633,2024-01-17,CUST-00015,West,Sports,Fitness,ProYoga Mat,1,1260.26,0.05,1197.25,362.14,UPI
ORD-100286,2024-01-19,CUST-00423,South,Sports,Fitness,ProYoga Mat,1,1292.26,0.15,1098.42,259.26,UPI
ORD-101425,2024-01-19,CUST-00125,North,Fashion,Footwear,RunFlex Sneakers,1,3046.32,0.05,2894.0,1039.33,Net Banking
ORD-101445,2024-01-19,CUST-00446,West,Beauty,Skincare,HydraBoost Moisturizer,1,1235.55,0.05,1173.77,536.78,Debit Card
ORD-101484,2024-01-19,CUST-00532,South,Fashion,Men,SlimFit Denim Jeans,2,1939.5,0.15,3297.15,760.63,Net Banking
ORD-101588,2024-01-19,CUST-00267,West,Home & Kitchen,Furniture,ErgoComfort Chair,2,8676.41,0.05,16485.18,4588.92,UPI
ORD-101593,2024-01-19,CUST-00408,West,Electronics,Audio,SoundPods Pro,2,5063.16,0.25,7594.74,-642.48,UPI
ORD-100275,2024-01-21,CUST-00119,North,Fashion,Men,SlimFit Denim Jeans,2,1972.33,0.0,3944.66,1704.26,Net Banking
ORD-101031,2024-01-21,CUST-00372,South,Electronics,Audio,SoundPods Pro,4,4768.74,0.0,19074.96,4013.73,Credit Card
ORD-101189,2024-01-21,CUST-00303,North,Beauty,Skincare,HydraBoost Moisturizer,1,1234.34,0.1,1110.91,463.62,UPI
ORD-100783,2024-01-22,CUST-00271,East,Fashion,Women,Floral Summer Dress,1,1790.94,0.05,1701.39,679.67,Credit Card
ORD-100321,2024-01-23,CUST-00131,North,Fashion,Women,Knit Winter Sweater,2,2194.34,0.05,4169.25,1414.86,Debit Card
ORD-100946,2024-01-23,CUST-00070,South,Fashion,Men,Oxford Casual Shirt,2,1290.98,0.1,2323.76,676.74,Credit Card
ORD-101048,2024-01-23,CUST-00163,North,Sports,Fitness,ProYoga Mat,2,1246.37,0.0,2492.74,925.56,UPI
ORD-101113,2024-01-23,CUST-00354,North,Fashion,Women,Knit Winter Sweater,5,2212.92,0.1,9958.14,3153.13,Debit Card
ORD-101892,2024-01-23,CUST-00251,North,Home & Kitchen,Appliances,ColdBrew Coffee Maker,1,6228.5,0.25,4671.38,118.58,UPI
ORD-100385,2024-01-24,CUST-00551,North,Fashion,Footwear,RunFlex Sneakers,3,2853.17,0.2,6847.61,1407.21,Credit Card
ORD-100476,2024-01-24,CUST-00555,West,Fashion,Women,Floral Summer Dress,1,1834.46,0.0,1834.46,769.93,Credit Card
ORD-100620,2024-01-24,CUST-00033,East,Sports,Outdoor,AllWeather Tent 4P,1,12302.13,0.05,11687.02,4014.81,UPI
ORD-101951,2024-01-24,CUST-00353,North,Fashion,Women,Floral Summer Dress,1,1859.38,0.05,1766.41,574.77,Credit Card
ORD-100943,2024-01-25,CUST-00392,North,Home & Kitchen,Appliances,AirFryer Deluxe,5,7614.63,0.15,32362.18,5626.07,Debit Card
ORD-101034,2024-01-25,CUST-00171,West,Home & Kitchen,Appliances,ColdBrew Coffee Maker,1,6445.54,0.2,5156.43,379.13,UPI
ORD-101090,2024-01-25,CUST-00376,North,Home & Kitchen,Appliances,ColdBrew Coffee Maker,1,6629.49,0.05,6298.02,1923.62,UPI
ORD-100025,2024-01-26,CUST-00341,East,Home & Kitchen,Decor,Ceramic Vase Set,4,1461.45,0.0,5845.8,1743.35,Net Banking
ORD-101597,2024-01-26,CUST-00091,East,Home & Kitchen,Appliances,AirFryer Deluxe,4,7934.18,0.3,22215.7,-833.07,UPI
ORD-100083,2024-01-27,CUST-00367,East,Fashion,Footwear,RunFlex Sneakers,3,3081.28,0.0,9243.84,4095.87,UPI
ORD-100847,2024-01-27,CUST-00289,North,Beauty,Skincare,Vitamin C Serum,2,934.12,0.0,1868.24,1033.2,Credit Card
ORD-100982,2024-01-27,CUST-00186,North,Sports,Fitness,Adjustable Dumbbell 24kg,2,9959.75,0.05,18923.52,6653.0,UPI
ORD-101266,2024-01-27,CUST-00007,North,Beauty,Makeup,HD Foundation Kit,3,1530.88,0.05,4363.01,2188.45,UPI
ORD-100438,2024-01-28,CUST-00085,West,Beauty,Makeup,HD Foundation Kit,1,1449.39,0.05,1376.92,628.74,Debit Card
ORD-100954,2024-01-28,CUST-00451,West,Home & Kitchen,Furniture,Oakwood Study Desk,1,13637.26,0.0,13637.26,4208.98,Debit Card
ORD-101007,2024-01-29,CUST-00311,South,Fashion,Men,Oxford Casual Shirt,4,1308.26,0.15,4448.08,984.67,UPI
ORD-101633,2024-01-29,CUST-00540,South,Sports,Outdoor,TrailHike Backpack 60L,2,3632.6,0.05,6901.94,2225.77,UPI
ORD-101915,2024-01-29,CUST-00550,North,Sports,Outdoor,AllWeather Tent 4P,1,12024.58,0.15,10220.89,2254.93,UPI
ORD-100532,2024-01-30,CUST-00269,East,Sports,Fitness,Adjustable Dumbbell 24kg,3,10494.16,0.1,28334.23,7016.61,UPI
ORD-101275,2024-01-30,CUST-00177,East,Sports,Fitness,Adjustable Dumbbell 24kg,1,9714.1,0.05,9228.4,2934.0,UPI
ORD-101963,2024-01-30,CUST-00171,North,Fashion,Women,Knit Winter Sweater,1,2248.45,0.15,1911.18,411.95,Credit Card
ORD-100960,2024-01-31,CUST-00314,East,Fashion,Women,Floral Summer Dress,1,1736.28,0.05,1649.47,638.76,UPI
ORD-100092,2024-02-01,CUST-00544,North,Home & Kitchen,Decor,LED Wall Lamp,1,1005.63,0.2,804.5,74.06,Credit Card
ORD-100132,2024-02-01,CUST-00559,East,Electronics,Mobile,Galaxy Nova X5,1,25190.92,0.1,22671.83,1747.78,UPI
ORD-100246,2024-02-01,CUST-00169,East,Fashion,Footwear,RunFlex Sneakers,1,2876.97,0.2,2301.58,454.61,Credit Card
ORD-100413,2024-02-01,CUST-00385,North,Beauty,Skincare,Vitamin C Serum,2,936.42,0.05,1779.2,918.36,UPI
ORD-101084,2024-02-02,CUST-00360,West,Sports,Fitness,Adjustable Dumbbell 24kg,1,9802.81,0.05,9312.67,3092.18,Credit Card
ORD-101514,2024-02-02,CUST-00143,West,Home & Kitchen,Furniture,Oakwood Study Desk,2,12861.86,0.05,24437.53,5701.11,UPI
ORD-101672,2024-02-02,CUST-00214,South,Sports,Fitness,Adjustable Dumbbell 24kg,1,10022.36,0.2,8017.89,1187.68,Net Banking
ORD-101958,2024-02-02,CUST-00313,East,Beauty,Skincare,HydraBoost Moisturizer,1,1226.43,0.2,981.14,352.96,Net Banking
ORD-100242,2024-02-03,CUST-00326,North,Beauty,Makeup,Matte Lipstick Set,2,986.85,0.15,1677.64,664.71,UPI
ORD-100731,2024-02-03,CUST-00088,South,Fashion,Footwear,RunFlex Sneakers,1,3075.93,0.1,2768.34,802.07,Credit Card
ORD-101452,2024-02-03,CUST-00251,North,Home & Kitchen,Furniture,ErgoComfort Chair,3,8861.82,0.05,25256.19,7267.47,Net Banking
ORD-101646,2024-02-03,CUST-00556,North,Beauty,Skincare,Vitamin C Serum,1,887.44,0.0,887.44,511.19,Debit Card
ORD-101144,2024-02-04,CUST-00401,South,Fashion,Men,SlimFit Denim Jeans,1,1963.01,0.05,1864.86,637.11,UPI
ORD-100676,2024-02-05,CUST-00128,North,Electronics,Audio,BassBoom Speaker,3,8664.97,0.0,25994.91,4068.16,Credit Card
ORD-101910,2024-02-06,CUST-00070,East,Home & Kitchen,Appliances,AirFryer Deluxe,1,8360.28,0.0,8360.28,2915.23,Debit Card
ORD-101531,2024-02-07,CUST-00501,West,Electronics,Laptop,AirBook Slim,2,78678.76,0.3,110150.26,-20290.05,Credit Card
ORD-101537,2024-02-07,CUST-00546,East,Home & Kitchen,Decor,LED Wall Lamp,1,954.31,0.25,715.73,35.43,UPI
ORD-101088,2024-02-10,CUST-00340,North,Sports,Outdoor,AllWeather Tent 4P,3,12268.17,0.1,33124.06,8123.89,Credit Card
ORD-101098,2024-02-10,CUST-00403,North,Sports,Fitness,ProYoga Mat,2,1334.48,0.0,2668.96,999.84,UPI
ORD-101581,2024-02-10,CUST-00121,North,Fashion,Women,Floral Summer Dress,3,1885.29,0.15,4807.49,1104.7,Credit Card
ORD-101726,2024-02-10,CUST-00381,East,Fashion,Men,SlimFit Denim Jeans,3,1940.83,0.0,5822.49,2390.77,Debit Card
ORD-100538,2024-02-11,CUST-00575,West,Electronics,Mobile,Galaxy Nova X5,1,25513.89,0.0,25513.89,4462.75,Net Banking
ORD-101283,2024-02-11,CUST-00285,West,Home & Kitchen,Appliances,ColdBrew Coffee Maker,1,6430.34,0.1,5787.31,1040.97,Debit Card
ORD-100560,2024-02-12,CUST-00172,East,Electronics,Laptop,AirBook Slim,5,82748.76,0.15,351682.23,10561.79,Net Banking
ORD-100585,2024-02-12,CUST-00476,West,Fashion,Men,Oxford Casual Shirt,1,1265.9,0.0,1265.9,577.51,Credit Card
ORD-100655,2024-02-12,CUST-00535,East,Electronics,Audio,SoundPods Pro,1,4799.44,0.1,4319.5,129.09,UPI
ORD-101287,2024-02-12,CUST-00033,North,Electronics,Mobile,iPhone Zeta,3,67310.58,0.1,181738.57,10105.86,Net Banking
ORD-101326,2024-02-12,CUST-00003,South,Fashion,Footwear,UrbanLoafers,1,3469.75,0.15,2949.29,811.38,Debit Card
ORD-101736,2024-02-12,CUST-00245,West,Sports,Outdoor,TrailHike Backpack 60L,1,3464.46,0.05,3291.24,1016.83,UPI
ORD-101739,2024-02-12,CUST-00547,West,Sports,Outdoor,AllWeather Tent 4P,2,12427.93,0.05,23613.07,7755.91,Cash on Delivery
ORD-100497,2024-02-14,CUST-00011,South,Electronics,Mobile,Pixel Aura 12,2,31704.84,0.0,63409.68,12900.35,UPI
ORD-101089,2024-02-14,CUST-00229,South,Sports,Fitness,ProYoga Mat,5,1296.68,0.0,6483.4,2333.53,Debit Card
ORD-101460,2024-02-14,CUST-00309,North,Electronics,Mobile,Galaxy Nova X5,1,25984.5,0.0,25984.5,4824.82,Credit Card
ORD-100023,2024-02-15,CUST-00134,East,Home & Kitchen,Furniture,ErgoComfort Chair,1,9366.3,0.0,9366.3,2754.29,Debit Card
ORD-100678,2024-02-15,CUST-00193,South,Fashion,Footwear,UrbanLoafers,2,3669.06,0.1,6604.31,1936.18,UPI
ORD-101585,2024-02-15,CUST-00555,East,Sports,Fitness,ProYoga Mat,1,1355.35,0.05,1287.58,440.19,Credit Card
ORD-100534,2024-02-16,CUST-00517,East,Electronics,Mobile,Pixel Aura 12,4,32518.21,0.05,123569.2,16188.8,Debit Card
ORD-100961,2024-02-17,CUST-00538,South,Sports,Outdoor,AllWeather Tent 4P,2,11430.04,0.0,22860.08,7824.54,Debit Card
ORD-101216,2024-02-17,CUST-00099,South,Sports,Fitness,Adjustable Dumbbell 24kg,2,9836.51,0.15,16722.07,3459.63,Credit Card
ORD-101474,2024-02-17,CUST-00304,West,Fashion,Footwear,UrbanLoafers,3,3334.21,0.0,10002.63,4017.74,Debit Card
ORD-101992,2024-02-17,CUST-00144,South,Home & Kitchen,Decor,LED Wall Lamp,1,1003.44,0.0,1003.44,359.4,UPI
ORD-101221,2024-02-18,CUST-00579,North,Beauty,Skincare,HydraBoost Moisturizer,1,1183.93,0.0,1183.93,672.36,Credit Card
ORD-101379,2024-02-18,CUST-00055,North,Fashion,Women,Floral Summer Dress,1,1872.35,0.4,1123.41,-2.78,Net Banking
ORD-101517,2024-02-18,CUST-00048,East,Beauty,Makeup,HD Foundation Kit,5,1446.44,0.0,7232.2,4243.93,Net Banking
ORD-101981,2024-02-18,CUST-00049,East,Beauty,Skincare,Vitamin C Serum,2,885.18,0.05,1681.84,768.47,Credit Card
ORD-100207,2024-02-19,CUST-00471,West,Fashion,Women,Knit Winter Sweater,1,2209.4,0.0,2209.4,862.65,Debit Card
ORD-100261,2024-02-20,CUST-00586,North,Fashion,Women,Knit Winter Sweater,1,2145.93,0.2,1716.74,371.62,UPI
ORD-100398,2024-02-20,CUST-00451,South,Beauty,Skincare,Vitamin C Serum,1,857.86,0.2,686.29,246.84,UPI
ORD-101367,2024-02-20,CUST-00409,South,Home & Kitchen,Decor,Ceramic Vase Set,1,1442.99,0.1,1298.69,317.62,UPI
ORD-100420,2024-02-21,CUST-00056,North,Beauty,Skincare,Vitamin C Serum,1,884.5,0.1,796.05,342.69,Credit Card
ORD-101305,2024-02-21,CUST-00498,East,Home & Kitchen,Decor,LED Wall Lamp,1,982.05,0.05,932.95,260.89,Debit Card
ORD-101317,2024-02-21,CUST-00364,West,Beauty,Skincare,HydraBoost Moisturizer,2,1252.15,0.05,2379.09,1204.11,Credit Card
ORD-101580,2024-02-21,CUST-00542,North,Electronics,Audio,SoundPods Pro,2,5058.84,0.05,9611.8,1229.16,UPI
ORD-101586,2024-02-21,CUST-00528,North,Home & Kitchen,Decor,Ceramic Vase Set,4,1506.14,0.2,4819.65,474.26,UPI
ORD-100093,2024-02-23,CUST-00051,West,Fashion,Women,Knit Winter Sweater,1,2157.58,0.0,2157.58,875.87,Credit Card
ORD-100771,2024-02-23,CUST-00045,North,Electronics,Mobile,Galaxy Nova X5,5,25559.61,0.2,102238.44,-7350.2,Debit Card
ORD-101519,2024-02-23,CUST-00492,North,Beauty,Makeup,Matte Lipstick Set,3,1015.48,0.3,2132.51,504.93,Credit Card
ORD-101695,2024-02-23,CUST-00259,East,Sports,Outdoor,AllWeather Tent 4P,2,11811.5,0.1,21260.7,5881.05,Debit Card
ORD-101814,2024-02-23,CUST-00393,West,Electronics,Laptop,AirBook Slim,3,78479.83,0.25,176579.62,-21706.3,UPI
ORD-101923,2024-02-23,CUST-00496,East,Fashion,Men,SlimFit Denim Jeans,3,1954.75,0.15,4984.61,1111.45,Credit Card
ORD-100993,2024-02-24,CUST-00449,West,Home & Kitchen,Furniture,Oakwood Study Desk,2,13187.44,0.15,22418.65,3627.92,Credit Card
ORD-100284,2024-02-25,CUST-00161,South,Sports,Fitness,Adjustable Dumbbell 24kg,1,9883.89,0.1,8895.5,2598.58,Cash on Delivery
ORD-101281,2024-02-25,CUST-00178,East,Beauty,Skincare,Vitamin C Serum,1,921.72,0.15,783.46,270.59,UPI
ORD-100817,2024-02-26,CUST-00201,West,Electronics,Laptop,ThinkPro 14,2,53917.82,0.05,102443.86,15416.44,UPI
ORD-101006,2024-02-26,CUST-00043,East,Sports,Fitness,Adjustable Dumbbell 24kg,2,9804.92,0.1,17648.86,5372.01,Debit Card
ORD-101668,2024-02-26,CUST-00447,South,Electronics,Laptop,ThinkPro 14,4,54921.2,0.0,219684.8,31410.92,UPI
ORD-100162,2024-02-27,CUST-00297,North,Electronics,Audio,SoundPods Pro,1,5185.07,0.1,4666.56,208.03,Credit Card
ORD-100258,2024-02-27,CUST-00163,South,Beauty,Skincare,Vitamin C Serum,1,890.65,0.25,667.99,174.52,UPI
ORD-100716,2024-02-27,CUST-00274,South,Electronics,Mobile,Galaxy Nova X5,1,24859.82,0.1,22373.84,851.36,UPI
ORD-101473,2024-02-27,CUST-00178,North,Fashion,Women,Knit Winter Sweater,2,2286.66,0.05,4344.65,1420.84,UPI
ORD-100018,2024-02-28,CUST-00489,South,Home & Kitchen,Decor,LED Wall Lamp,1,1045.82,0.0,1045.82,351.75,Debit Card
ORD-100623,2024-02-28,CUST-00012,East,Electronics,Mobile,Galaxy Nova X5,1,24458.57,0.3,17121.0,-3190.62,UPI
ORD-100814,2024-02-28,CUST-00114,South,Electronics,Mobile,Pixel Aura 12,1,34164.51,0.1,30748.06,3060.81,UPI
ORD-101136,2024-02-28,CUST-00443,North,Electronics,Audio,BassBoom Speaker,1,9058.91,0.05,8605.96,915.9,Credit Card
ORD-100259,2024-02-29,CUST-00468,North,Electronics,Laptop,AirBook Slim,1,81995.69,0.2,65596.55,-5751.78,Debit Card
ORD-101875,2024-02-29,CUST-00226,South,Electronics,Laptop,AirBook Slim,1,82367.86,0.05,78249.47,9073.84,UPI
ORD-101389,2024-03-01,CUST-00397,West,Home & Kitchen,Appliances,ColdBrew Coffee Maker,1,6219.97,0.05,5908.97,1401.88,Credit Card
ORD-101969,2024-03-01,CUST-00240,South,Fashion,Women,Floral Summer Dress,1,1801.01,0.1,1620.91,531.14,UPI
ORD-101049,2024-03-02,CUST-00109,West,Home & Kitchen,Appliances,ColdBrew Coffee Maker,1,6644.4,0.05,6312.18,1686.16,UPI
ORD-100798,2024-03-03,CUST-00599,North,Sports,Fitness,ProYoga Mat,1,1318.47,0.2,1054.78,144.17,UPI
ORD-101041,2024-03-03,CUST-00520,East,Fashion,Women,Floral Summer Dress,2,1836.11,0.05,3488.61,1256.03,Credit Card
ORD-101833,2024-03-03,CUST-00427,North,Beauty,Skincare,HydraBoost Moisturizer,1,1254.21,0.2,1003.37,310.62,Credit Card
ORD-101922,2024-03-03,CUST-00085,West,Electronics,Audio,BassBoom Speaker,1,9208.22,0.0,9208.22,1769.8,UPI
ORD-100103,2024-03-04,CUST-00352,South,Sports,Outdoor,TrailHike Backpack 60L,1,3552.13,0.15,3019.31,583.4,UPI
ORD-100882,2024-03-04,CUST-00558,North,Beauty,Skincare,Vitamin C Serum,3,891.77,0.0,2675.31,1545.43,Credit Card
ORD-100558,2024-03-06,CUST-00117,West,Electronics,Mobile,Pixel Aura 12,3,31872.43,0.05,90836.43,13510.64,UPI
ORD-101201,2024-03-06,CUST-00249,East,Fashion,Footwear,UrbanLoafers,1,3504.48,0.25,2628.36,322.62,Credit Card
ORD-100609,2024-03-07,CUST-00134,East,Home & Kitchen,Decor,Ceramic Vase Set,1,1449.74,0.05,1377.25,378.27,Credit Card
ORD-100611,2024-03-07,CUST-00398,North,Fashion,Men,Oxford Casual Shirt,3,1359.84,0.2,3263.62,720.83,UPI
ORD-101091,2024-03-07,CUST-00367,South,Sports,Fitness,Adjustable Dumbbell 24kg,2,9972.66,0.0,19945.32,7226.43,Credit Card
ORD-100217,2024-03-08,CUST-00448,West,Electronics,Audio,SoundPods Pro,1,5004.65,0.05,4754.42,469.53,Credit Card
ORD-100396,2024-03-08,CUST-00450,West,Sports,Outdoor,TrailHike Backpack 60L,1,3467.02,0.0,3467.02,1447.5,Cash on Delivery
ORD-100583,2024-03-08,CUST-00418,South,Beauty,Skincare,HydraBoost Moisturizer,1,1252.88,0.05,1190.24,564.22,Credit Card
ORD-101003,2024-03-08,CUST-00375,West,Beauty,Skincare,Vitamin C Serum,1,943.71,0.1,849.34,398.0,Net Banking
ORD-101370,2024-03-08,CUST-00360,East,Electronics,Mobile,Pixel Aura 12,1,33138.4,0.25,24853.8,-1814.36,UPI
ORD-101405,2024-03-08,CUST-00369,North,Electronics,Laptop,ThinkPro 14,1,53782.21,0.05,51093.1,5079.36,Debit Card
ORD-101697,2024-03-08,CUST-00412,West,Electronics,Laptop,ThinkPro 14,1,55215.81,0.05,52455.02,6499.52,Cash on Delivery
ORD-100472,2024-03-09,CUST-00210,South,Electronics,Audio,BassBoom Speaker,3,8878.05,0.0,26634.15,5047.99,UPI
ORD-101345,2024-03-09,CUST-00397,North,Fashion,Footwear,UrbanLoafers,2,3638.17,0.15,6184.89,1458.34,Credit Card
ORD-101443,2024-03-09,CUST-00439,South,Beauty,Makeup,HD Foundation Kit,1,1465.55,0.05,1392.27,683.04,UPI
ORD-100117,2024-03-10,CUST-00107,East,Beauty,Skincare,HydraBoost Moisturizer,3,1185.44,0.0,3556.32,1919.93,UPI
ORD-100444,2024-03-10,CUST-00101,East,Sports,Outdoor,TrailHike Backpack 60L,2,3392.25,0.1,6106.05,1538.68,UPI
ORD-100601,2024-03-10,CUST-00199,East,Sports,Fitness,Adjustable Dumbbell 24kg,2,9525.02,0.1,17145.04,4567.04,UPI
ORD-101095,2024-03-10,CUST-00075,West,Sports,Outdoor,TrailHike Backpack 60L,1,3545.68,0.05,3368.4,1097.47,UPI
ORD-101155,2024-03-11,CUST-00160,West,Home & Kitchen,Decor,Ceramic Vase Set,4,1448.62,0.0,5794.48,1725.64,UPI
ORD-101569,2024-03-12,CUST-00202,West,Electronics,Mobile,Galaxy Nova X5,1,25730.03,0.05,24443.53,2781.04,Debit Card
ORD-101756,2024-03-12,CUST-00227,South,Home & Kitchen,Decor,LED Wall Lamp,1,1040.44,0.05,988.42,264.8,Credit Card
ORD-100269,2024-03-13,CUST-00200,South,Home & Kitchen,Furniture,ErgoComfort Chair,1,8883.53,0.2,7106.82,759.33,UPI
ORD-100305,2024-03-13,CUST-00234,North,Electronics,Audio,SoundPods Pro,1,4767.99,0.15,4052.79,-107.97,UPI
ORD-100812,2024-03-13,CUST-00131,South,Beauty,Makeup,HD Foundation Kit,1,1551.98,0.2,1241.58,427.26,Credit Card
ORD-101719,2024-03-13,CUST-00529,North,Sports,Outdoor,AllWeather Tent 4P,1,11994.6,0.0,11994.6,5009.6,UPI
ORD-100096,2024-03-14,CUST-00044,West,Electronics,Laptop,AirBook Slim,1,80607.98,0.05,76577.58,9382.36,Debit Card
ORD-100382,2024-03-14,CUST-00441,East,Fashion,Women,Floral Summer Dress,1,1744.33,0.1,1569.9,493.39,UPI
ORD-101540,2024-03-14,CUST-00598,East,Sports,Outdoor,AllWeather Tent 4P,2,12020.97,0.0,24041.94,8388.06,UPI
ORD-100215,2024-03-15,CUST-00070,South,Beauty,Skincare,HydraBoost Moisturizer,4,1242.26,0.0,4969.04,2760.15,Credit Card
ORD-100240,2024-03-15,CUST-00406,South,Home & Kitchen,Furniture,Oakwood Study Desk,1,12533.18,0.15,10653.2,1346.28,UPI
ORD-100306,2024-03-15,CUST-00515,North,Home & Kitchen,Decor,LED Wall Lamp,1,980.66,0.05,931.63,245.63,UPI
ORD-100739,2024-03-15,CUST-00474,South,Beauty,Skincare,Vitamin C Serum,2,867.95,0.1,1562.31,630.27,Credit Card
ORD-100808,2024-03-15,CUST-00384,North,Fashion,Men,SlimFit Denim Jeans,2,2093.62,0.05,3977.88,1576.39,UPI
ORD-101361,2024-03-15,CUST-00380,North,Electronics,Audio,SoundPods Pro,1,5009.02,0.1,4508.12,341.82,Credit Card
ORD-100181,2024-03-16,CUST-00158,North,Beauty,Makeup,HD Foundation Kit,1,1481.02,0.1,1332.92,608.84,UPI
ORD-100464,2024-03-16,CUST-00497,South,Sports,Outdoor,AllWeather Tent 4P,1,11789.84,0.1,10610.86,3048.69,UPI
ORD-100945,2024-03-16,CUST-00424,North,Electronics,Mobile,Galaxy Nova X5,2,24672.64,0.0,49345.28,10554.39,UPI
ORD-101020,2024-03-16,CUST-00488,South,Electronics,Audio,SoundPods Pro,1,4778.25,0.0,4778.25,817.09,Net Banking
ORD-101191,2024-03-16,CUST-00566,West,Beauty,Skincare,Vitamin C Serum,1,874.89,0.1,787.4,318.99,Credit Card
ORD-101409,2024-03-16,CUST-00388,East,Sports,Fitness,ProYoga Mat,1,1237.03,0.0,1237.03,436.61,UPI
ORD-101480,2024-03-16,CUST-00051,South,Electronics,Audio,BassBoom Speaker,5,9176.18,0.0,45880.9,10029.64,Debit Card
ORD-100298,2024-03-17,CUST-00178,West,Fashion,Footwear,UrbanLoafers,2,3535.18,0.1,6363.32,2081.39,UPI
ORD-100679,2024-03-17,CUST-00267,North,Fashion,Women,Floral Summer Dress,4,1747.92,0.1,6292.51,1848.27,Credit Card
ORD-100707,2024-03-17,CUST-00522,East,Home & Kitchen,Furniture,Oakwood Study Desk,3,13311.91,0.1,35942.16,7432.82,Net Banking
ORD-100766,2024-03-17,CUST-00432,West,Home & Kitchen,Appliances,AirFryer Deluxe,1,7821.46,0.0,7821.46,2648.6,Net Banking
ORD-101364,2024-03-17,CUST-00565,North,Electronics,Laptop,AirBook Slim,1,80349.6,0.15,68297.16,-1465.82,Credit Card
ORD-101503,2024-03-17,CUST-00518,East,Beauty,Makeup,Matte Lipstick Set,1,992.41,0.0,992.41,530.32,UPI
ORD-101666,2024-03-17,CUST-00087,West,Home & Kitchen,Decor,Ceramic Vase Set,5,1453.16,0.05,6902.51,1641.69,Credit Card
ORD-101857,2024-03-17,CUST-00373,North,Sports,Outdoor,TrailHike Backpack 60L,1,3412.67,0.05,3242.04,1005.2,UPI
ORD-100987,2024-03-18,CUST-00093,South,Fashion,Footwear,UrbanLoafers,4,3520.16,0.15,11968.54,3208.07,UPI
ORD-101038,2024-03-18,CUST-00014,North,Electronics,Mobile,Galaxy Nova X5,1,23911.44,0.0,23911.44,4441.61,UPI
ORD-101042,2024-03-18,CUST-00330,North,Electronics,Mobile,Galaxy Nova X5,5,25944.4,0.0,129722.0,24132.8,UPI
ORD-100819,2024-03-19,CUST-00450,East,Beauty,Makeup,HD Foundation Kit,1,1432.73,0.05,1361.09,641.16,UPI
ORD-100860,2024-03-19,CUST-00426,North,Electronics,Mobile,Pixel Aura 12,1,33897.93,0.0,33897.93,5416.37,UPI
ORD-101611,2024-03-19,CUST-00449,South,Beauty,Makeup,Matte Lipstick Set,2,1046.77,0.0,2093.54,1145.86,Net Banking
ORD-100832,2024-03-20,CUST-00334,South,Home & Kitchen,Furniture,ErgoComfort Chair,1,8760.25,0.0,8760.25,2616.98,UPI
ORD-100867,2024-03-20,CUST-00014,North,Fashion,Women,Knit Winter Sweater,2,2277.87,0.05,4327.95,1739.49,UPI
ORD-101763,2024-03-20,CUST-00519,East,Electronics,Audio,SoundPods Pro,5,5034.36,0.1,22654.62,1444.29,Credit Card
ORD-100496,2024-03-21,CUST-00115,North,Electronics,Audio,SoundPods Pro,1,4820.22,0.2,3856.18,-277.16,UPI
ORD-100908,2024-03-21,CUST-00310,North,Electronics,Laptop,AirBook Slim,1,80767.08,0.1,72690.37,6542.0,Credit Card
ORD-101164,2024-03-21,CUST-00284,East,Home & Kitchen,Furniture,Oakwood Study Desk,5,12762.82,0.15,54241.99,6910.33,Credit Card
ORD-101549,2024-03-21,CUST-00358,East,Home & Kitchen,Furniture,ErgoComfort Chair,1,8857.94,0.0,8857.94,3062.83,Credit Card
ORD-101730,2024-03-21,CUST-00149,North,Sports,Fitness,ProYoga Mat,1,1249.31,0.1,1124.38,315.89,Debit Card
ORD-100370,2024-03-22,CUST-00063,South,Electronics,Laptop,ThinkPro 14,2,57365.12,0.0,114730.24,17978.12,Net Banking
ORD-100903,2024-03-22,CUST-00346,North,Beauty,Makeup,HD Foundation Kit,2,1569.72,0.2,2511.55,725.67,Credit Card
ORD-101040,2024-03-22,CUST-00543,East,Fashion,Men,SlimFit Denim Jeans,1,1917.36,0.15,1629.76,394.63,UPI
ORD-100458,2024-03-23,CUST-00184,East,Fashion,Women,Floral Summer Dress,4,1727.03,0.0,6908.12,3093.38,Debit Card
ORD-100471,2024-03-23,CUST-00344,East,Sports,Fitness,ProYoga Mat,1,1303.02,0.1,1172.72,291.69,Credit Card
ORD-101604,2024-03-23,CUST-00475,West,Beauty,Skincare,Vitamin C Serum,5,878.9,0.1,3955.05,1651.8,Debit Card
ORD-101638,2024-03-23,CUST-00199,West,Fashion,Footwear,UrbanLoafers,1,3345.24,0.2,2676.19,518.4,Credit Card
ORD-101979,2024-03-23,CUST-00202,East,Home & Kitchen,Furniture,ErgoComfort Chair,1,8811.84,0.05,8371.25,2515.86,Debit Card
ORD-100041,2024-03-24,CUST-00553,West,Home & Kitchen,Furniture,ErgoComfort Chair,1,8890.23,0.15,7556.7,1342.53,UPI
ORD-100155,2024-03-24,CUST-00541,East,Home & Kitchen,Appliances,AirFryer Deluxe,1,7721.58,0.0,7721.58,2701.15,UPI
ORD-101194,2024-03-24,CUST-00195,East,Electronics,Mobile,Galaxy Nova X5,3,25476.19,0.15,64964.28,2373.2,UPI
ORD-101702,2024-03-24,CUST-00303,North,Home & Kitchen,Decor,Ceramic Vase Set,1,1518.52,0.1,1366.67,259.27,Cash on Delivery
ORD-101846,2024-03-24,CUST-00238,East,Beauty,Skincare,Vitamin C Serum,1,905.09,0.15,769.33,276.4,Debit Card
ORD-101285,2024-03-25,CUST-00512,West,Beauty,Skincare,HydraBoost Moisturizer,2,1162.89,0.0,2325.78,1237.72,Credit Card
ORD-100864,2024-03-26,CUST-00174,North,Electronics,Laptop,ThinkPro 14,1,52848.26,0.05,50205.85,5389.54,Credit Card
ORD-101818,2024-03-26,CUST-00494,West,Beauty,Skincare,Vitamin C Serum,1,940.06,0.15,799.05,273.91,UPI
ORD-101479,2024-03-27,CUST-00049,East,Fashion,Men,Oxford Casual Shirt,1,1308.54,0.0,1308.54,595.7,UPI
ORD-100384,2024-03-28,CUST-00056,North,Beauty,Makeup,Matte Lipstick Set,1,972.38,0.25,729.28,202.25,Debit Card
ORD-101974,2024-03-28,CUST-00208,East,Fashion,Footwear,RunFlex Sneakers,1,3026.13,0.05,2874.82,1099.27,UPI
ORD-100486,2024-03-29,CUST-00311,South,Sports,Outdoor,AllWeather Tent 4P,1,12476.23,0.15,10604.8,2394.44,Debit Card
ORD-101371,2024-03-29,CUST-00438,South,Beauty,Skincare,Vitamin C Serum,1,854.14,0.05,811.43,378.73,Debit Card
ORD-101431,2024-03-29,CUST-00169,South,Fashion,Men,Oxford Casual Shirt,1,1344.03,0.05,1276.83,431.68,Credit Card
ORD-100417,2024-03-30,CUST-00048,West,Fashion,Footwear,RunFlex Sneakers,1,3005.7,0.15,2554.84,530.97,Credit Card
ORD-100485,2024-03-30,CUST-00455,North,Beauty,Skincare,HydraBoost Moisturizer,1,1190.32,0.15,1011.77,372.72,UPI
ORD-100736,2024-03-30,CUST-00466,West,Fashion,Footwear,UrbanLoafers,1,3592.18,0.0,3592.18,1453.98,Debit Card
ORD-101262,2024-03-30,CUST-00363,West,Sports,Outdoor,TrailHike Backpack 60L,1,3657.41,0.1,3291.67,780.04,Debit Card
ORD-101681,2024-03-30,CUST-00530,East,Sports,Fitness,Adjustable Dumbbell 24kg,2,10423.57,0.05,19804.78,7022.9,UPI
ORD-101750,2024-03-31,CUST-00251,West,Sports,Outdoor,TrailHike Backpack 60L,1,3594.17,0.05,3414.46,1229.7,Credit Card
ORD-101793,2024-03-31,CUST-00560,East,Beauty,Makeup,Matte Lipstick Set,1,1027.61,0.25,770.71,208.64,UPI
ORD-100069,2024-04-02,CUST-00101,West,Sports,Outdoor,AllWeather Tent 4P,3,11481.15,0.0,34443.45,13449.92,Cash on Delivery
ORD-100102,2024-04-02,CUST-00520,East,Beauty,Skincare,HydraBoost Moisturizer,1,1183.26,0.0,1183.26,630.64,Cash on Delivery
ORD-100229,2024-04-02,CUST-00312,South,Sports,Outdoor,AllWeather Tent 4P,1,12323.38,0.05,11707.21,3730.54,Net Banking
ORD-100315,2024-04-02,CUST-00515,North,Sports,Fitness,Adjustable Dumbbell 24kg,1,10088.59,0.2,8070.87,1441.24,Credit Card
ORD-100400,2024-04-02,CUST-00168,South,Electronics,Mobile,iPhone Zeta,4,67446.18,0.1,242806.25,14103.34,UPI
ORD-100520,2024-04-02,CUST-00144,North,Beauty,Skincare,Vitamin C Serum,5,855.84,0.05,4065.24,2119.07,Credit Card
ORD-100985,2024-04-02,CUST-00321,North,Fashion,Women,Floral Summer Dress,1,1842.15,0.1,1657.94,550.27,Debit Card
ORD-101745,2024-04-02,CUST-00097,South,Home & Kitchen,Appliances,ColdBrew Coffee Maker,1,6303.41,0.05,5988.24,1394.36,Credit Card
ORD-101781,2024-04-02,CUST-00544,North,Electronics,Mobile,iPhone Zeta,5,71519.57,0.0,357597.85,57243.54,Net Banking
ORD-101881,2024-04-02,CUST-00102,North,Electronics,Laptop,ThinkPro 14,1,53786.46,0.0,53786.46,11452.85,Credit Card
ORD-101444,2024-04-03,CUST-00385,North,Home & Kitchen,Furniture,Oakwood Study Desk,2,12793.9,0.25,19190.85,705.48,Cash on Delivery
ORD-101577,2024-04-03,CUST-00441,North,Home & Kitchen,Appliances,ColdBrew Coffee Maker,1,6242.79,0.0,6242.79,2097.56,Cash on Delivery
ORD-101848,2024-04-03,CUST-00011,North,Beauty,Makeup,Matte Lipstick Set,2,1035.46,0.3,1449.64,296.44,UPI
ORD-101115,2024-04-04,CUST-00567,North,Fashion,Footwear,RunFlex Sneakers,3,2958.39,0.3,6212.62,595.52,Net Banking
ORD-101271,2024-04-04,CUST-00009,West,Beauty,Skincare,Vitamin C Serum,2,863.57,0.15,1468.07,511.18,UPI
ORD-101529,2024-04-04,CUST-00466,North,Beauty,Skincare,HydraBoost Moisturizer,1,1145.31,0.05,1088.04,566.47,UPI
ORD-100205,2024-04-05,CUST-00285,South,Fashion,Footwear,UrbanLoafers,1,3418.07,0.1,3076.26,917.15,Credit Card
ORD-100280,2024-04-05,CUST-00351,East,Sports,Fitness,ProYoga Mat,3,1235.31,0.2,2964.74,358.95,UPI
ORD-100545,2024-04-05,CUST-00350,South,Home & Kitchen,Appliances,AirFryer Deluxe,1,7980.15,0.2,6384.12,670.62,Debit Card
ORD-100686,2024-04-05,CUST-00059,West,Sports,Fitness,Adjustable Dumbbell 24kg,2,9804.68,0.0,19609.36,7876.03,Credit Card
ORD-100862,2024-04-05,CUST-00417,South,Beauty,Skincare,HydraBoost Moisturizer,1,1170.74,0.0,1170.74,658.52,UPI
ORD-101284,2024-04-05,CUST-00153,North,Home & Kitchen,Furniture,ErgoComfort Chair,2,9318.63,0.15,15841.67,2588.66,UPI
ORD-100547,2024-04-06,CUST-00583,North,Home & Kitchen,Furniture,ErgoComfort Chair,1,8617.92,0.0,8617.92,2530.29,Credit Card
ORD-100906,2024-04-06,CUST-00149,North,Home & Kitchen,Appliances,AirFryer Deluxe,2,7628.34,0.05,14493.85,4226.33,UPI
ORD-101086,2024-04-06,CUST-00346,North,Electronics,Laptop,ThinkPro 14,5,52726.6,0.15,224088.05,-2762.44,UPI
ORD-101998,2024-04-06,CUST-00463,West,Sports,Outdoor,TrailHike Backpack 60L,1,3416.5,0.0,3416.5,1264.68,UPI
ORD-100152,2024-04-07,CUST-00144,South,Home & Kitchen,Decor,Ceramic Vase Set,1,1558.52,0.2,1246.82,157.3,UPI
ORD-100378,2024-04-07,CUST-00308,East,Beauty,Skincare,Vitamin C Serum,2,869.59,0.15,1478.3,596.58,Credit Card
ORD-100999,2024-04-07,CUST-00542,North,Sports,Fitness,ProYoga Mat,1,1244.65,0.1,1120.19,292.52,UPI
ORD-101723,2024-04-07,CUST-00463,North,Sports,Fitness,Adjustable Dumbbell 24kg,1,10057.34,0.15,8548.74,1674.03,UPI
ORD-100810,2024-04-08,CUST-00144,North,Fashion,Men,SlimFit Denim Jeans,1,2056.97,0.1,1851.27,503.33,Cash on Delivery
ORD-100897,2024-04-08,CUST-00326,South,Home & Kitchen,Furniture,ErgoComfort Chair,1,8740.27,0.05,8303.26,2244.24,Credit Card
ORD-100963,2024-04-08,CUST-00585,West,Home & Kitchen,Decor,LED Wall Lamp,4,981.31,0.0,3925.24,1307.89,Credit Card
ORD-101587,2024-04-08,CUST-00088,West,Home & Kitchen,Appliances,AirFryer Deluxe,1,7676.47,0.0,7676.47,2738.98,UPI
ORD-101851,2024-04-08,CUST-00103,South,Home & Kitchen,Appliances,ColdBrew Coffee Maker,1,6275.39,0.0,6275.39,1849.94,UPI
ORD-101292,2024-04-09,CUST-00465,South,Electronics,Mobile,iPhone Zeta,2,67396.46,0.1,121313.63,9773.61,UPI
ORD-101325,2024-04-09,CUST-00033,South,Sports,Outdoor,TrailHike Backpack 60L,4,3658.61,0.05,13902.72,4762.21,UPI
ORD-100016,2024-04-10,CUST-00554,West,Fashion,Men,SlimFit Denim Jeans,1,1935.73,0.0,1935.73,807.22,UPI
ORD-100326,2024-04-10,CUST-00261,East,Electronics,Audio,BassBoom Speaker,1,9259.57,0.15,7870.63,-15.75,Debit Card
ORD-100443,2024-04-10,CUST-00599,South,Electronics,Audio,BassBoom Speaker,4,9375.2,0.05,35625.76,5385.49,UPI
ORD-100570,2024-04-10,CUST-00436,West,Beauty,Skincare,HydraBoost Moisturizer,1,1178.36,0.0,1178.36,655.86,UPI
ORD-101308,2024-04-11,CUST-00497,South,Sports,Outdoor,TrailHike Backpack 60L,3,3518.78,0.05,10028.52,3067.82,UPI
ORD-101807,2024-04-11,CUST-00308,South,Sports,Fitness,Adjustable Dumbbell 24kg,1,9660.6,0.0,9660.6,3412.58,UPI
ORD-100236,2024-04-12,CUST-00247,West,Fashion,Men,Oxford Casual Shirt,2,1339.36,0.0,2678.72,1078.12,Credit Card
ORD-100714,2024-04-12,CUST-00022,East,Sports,Fitness,Adjustable Dumbbell 24kg,4,9599.27,0.3,26877.96,998.31,Debit Card
ORD-100957,2024-04-12,CUST-00318,West,Beauty,Makeup,HD Foundation Kit,1,1492.55,0.0,1492.55,762.07,UPI
ORD-101299,2024-04-12,CUST-00283,North,Electronics,Mobile,iPhone Zeta,1,71984.18,0.0,71984.18,10784.02,Debit Card
ORD-101381,2024-04-12,CUST-00520,South,Electronics,Audio,SoundPods Pro,1,5131.8,0.05,4875.21,443.99,Credit Card
ORD-101653,2024-04-12,CUST-00238,South,Fashion,Women,Knit Winter Sweater,2,2217.9,0.15,3770.43,836.9,Debit Card
ORD-100003,2024-04-13,CUST-00465,North,Beauty,Makeup,Matte Lipstick Set,2,971.82,0.0,1943.64,1036.25,UPI
ORD-100702,2024-04-13,CUST-00259,South,Home & Kitchen,Furniture,Oakwood Study Desk,1,13317.16,0.0,13317.16,4087.81,Net Banking
ORD-100859,2024-04-14,CUST-00497,North,Home & Kitchen,Decor,LED Wall Lamp,1,1042.96,0.15,886.52,106.72,Cash on Delivery
ORD-101242,2024-04-14,CUST-00268,East,Fashion,Men,SlimFit Denim Jeans,3,2074.6,0.1,5601.42,1885.11,Debit Card
ORD-100448,2024-04-15,CUST-00073,North,Fashion,Footwear,UrbanLoafers,1,3374.39,0.05,3205.67,1230.97,Credit Card
ORD-100632,2024-04-15,CUST-00316,East,Fashion,Footwear,RunFlex Sneakers,4,2981.62,0.1,10733.83,2885.47,Credit Card
ORD-100770,2024-04-15,CUST-00049,South,Electronics,Audio,BassBoom Speaker,1,8817.62,0.0,8817.62,1928.57,Credit Card
ORD-101180,2024-04-15,CUST-00141,South,Beauty,Skincare,Vitamin C Serum,1,886.13,0.2,708.9,241.53,Credit Card
ORD-101645,2024-04-15,CUST-00176,North,Sports,Outdoor,AllWeather Tent 4P,2,11425.09,0.2,18280.14,2076.03,Debit Card
ORD-101913,2024-04-15,CUST-00540,South,Sports,Outdoor,AllWeather Tent 4P,1,12128.83,0.3,8490.18,62.67,Net Banking
ORD-100304,2024-04-16,CUST-00446,North,Electronics,Mobile,iPhone Zeta,1,67974.5,0.1,61177.05,4610.37,Credit Card
ORD-100720,2024-04-16,CUST-00512,West,Home & Kitchen,Appliances,AirFryer Deluxe,2,8132.8,0.0,16265.6,5109.43,UPI
ORD-100749,2024-04-16,CUST-00017,North,Beauty,Makeup,Matte Lipstick Set,4,986.32,0.05,3748.02,1861.72,Credit Card
ORD-100881,2024-04-16,CUST-00030,West,Beauty,Skincare,HydraBoost Moisturizer,5,1197.84,0.1,5390.28,2333.32,Debit Card
ORD-101765,2024-04-16,CUST-00296,North,Fashion,Footwear,RunFlex Sneakers,5,2963.31,0.0,14816.55,5785.28,Credit Card
ORD-100964,2024-04-17,CUST-00257,East,Fashion,Men,SlimFit Denim Jeans,1,1927.55,0.15,1638.42,426.38,Debit Card
ORD-100715,2024-04-18,CUST-00347,West,Electronics,Mobile,iPhone Zeta,4,71889.8,0.0,287559.2,46415.65,Credit Card
ORD-101039,2024-04-18,CUST-00058,West,Home & Kitchen,Appliances,AirFryer Deluxe,1,8296.04,0.1,7466.44,1581.85,Debit Card
ORD-100339,2024-04-19,CUST-00081,East,Fashion,Footwear,RunFlex Sneakers,3,2909.86,0.0,8729.58,3491.62,UPI
ORD-100394,2024-04-19,CUST-00027,East,Electronics,Laptop,AirBook Slim,5,80939.29,0.05,384461.63,56991.01,Debit Card
ORD-100424,2024-04-19,CUST-00073,East,Sports,Fitness,Adjustable Dumbbell 24kg,1,9781.28,0.2,7825.02,1078.99,Credit Card
ORD-101177,2024-04-19,CUST-00290,North,Beauty,Makeup,Matte Lipstick Set,1,1028.92,0.1,926.03,421.08,Credit Card
ORD-101300,2024-04-19,CUST-00032,East,Electronics,Laptop,ThinkPro 14,1,52321.26,0.0,52321.26,7732.78,UPI
ORD-100043,2024-04-20,CUST-00320,East,Beauty,Skincare,HydraBoost Moisturizer,2,1159.17,0.15,1970.59,760.8,UPI
ORD-100863,2024-04-20,CUST-00592,West,Beauty,Makeup,HD Foundation Kit,1,1499.99,0.15,1274.99,469.31,Debit Card
ORD-101002,2024-04-20,CUST-00185,West,Electronics,Audio,SoundPods Pro,4,5145.79,0.2,16466.53,-1323.54,Cash on Delivery
ORD-101466,2024-04-20,CUST-00238,North,Fashion,Footwear,RunFlex Sneakers,1,2942.03,0.0,2942.03,1186.87,UPI
ORD-101567,2024-04-20,CUST-00053,North,Home & Kitchen,Furniture,Oakwood Study Desk,1,13506.06,0.0,13506.06,4614.41,UPI
ORD-101878,2024-04-20,CUST-00347,West,Home & Kitchen,Furniture,ErgoComfort Chair,2,9197.11,0.05,17474.51,4540.94,UPI
ORD-100368,2024-04-23,CUST-00069,South,Beauty,Makeup,Matte Lipstick Set,1,1004.14,0.05,953.93,478.44,Credit Card
ORD-100608,2024-04-23,CUST-00216,North,Fashion,Men,SlimFit Denim Jeans,1,1919.28,0.0,1919.28,856.99,Credit Card
ORD-100439,2024-04-24,CUST-00155,West,Fashion,Footwear,RunFlex Sneakers,3,2888.8,0.0,8666.4,3488.03,UPI
ORD-101312,2024-04-24,CUST-00456,West,Electronics,Mobile,Pixel Aura 12,2,33235.15,0.15,56499.75,855.29,Debit Card
ORD-101400,2024-04-24,CUST-00217,South,Electronics,Laptop,ThinkPro 14,1,56224.32,0.25,42168.24,-3904.29,Credit Card
ORD-100214,2024-04-25,CUST-00073,West,Home & Kitchen,Furniture,Oakwood Study Desk,2,12419.98,0.0,24839.96,8987.92,Credit Card
ORD-100254,2024-04-25,CUST-00152,North,Electronics,Laptop,AirBook Slim,2,79154.53,0.2,126647.25,-2105.77,Debit Card
ORD-100718,2024-04-25,CUST-00113,West,Sports,Fitness,Adjustable Dumbbell 24kg,2,10377.95,0.0,20755.9,7695.86,Debit Card
ORD-100721,2024-04-25,CUST-00286,North,Home & Kitchen,Decor,Ceramic Vase Set,3,1570.66,0.2,3769.58,460.73,UPI
ORD-100949,2024-04-25,CUST-00526,East,Electronics,Audio,BassBoom Speaker,3,9066.33,0.05,25839.04,3443.05,Credit Card
ORD-101067,2024-04-25,CUST-00110,East,Electronics,Audio,BassBoom Speaker,1,9419.91,0.05,8948.91,1219.27,UPI
ORD-101190,2024-04-25,CUST-00405,North,Sports,Outdoor,TrailHike Backpack 60L,3,3567.06,0.0,10701.18,4409.6,Debit Card
ORD-101914,2024-04-25,CUST-00585,South,Beauty,Skincare,HydraBoost Moisturizer,2,1151.84,0.05,2188.5,1080.63,Cash on Delivery
ORD-100823,2024-04-26,CUST-00035,South,Fashion,Men,Oxford Casual Shirt,2,1238.71,0.15,2105.81,476.56,Debit Card
ORD-101132,2024-04-26,CUST-00471,North,Fashion,Men,Oxford Casual Shirt,2,1262.51,0.15,2146.27,602.48,Credit Card
ORD-100097,2024-04-27,CUST-00333,East,Sports,Fitness,Adjustable Dumbbell 24kg,4,10074.75,0.2,32239.2,5025.19,UPI
ORD-100193,2024-04-27,CUST-00352,North,Fashion,Footwear,UrbanLoafers,1,3576.68,0.0,3576.68,1488.6,UPI
ORD-100511,2024-04-27,CUST-00021,East,Home & Kitchen,Decor,LED Wall Lamp,1,973.79,0.1,876.41,198.81,Net Banking
ORD-100606,2024-04-27,CUST-00451,North,Sports,Outdoor,AllWeather Tent 4P,1,12586.8,0.0,12586.8,4644.85,UPI
ORD-100028,2024-04-28,CUST-00591,South,Home & Kitchen,Furniture,ErgoComfort Chair,1,8860.13,0.1,7974.12,1897.16,Cash on Delivery
ORD-100079,2024-04-28,CUST-00551,East,Home & Kitchen,Appliances,AirFryer Deluxe,2,7970.42,0.1,14346.76,3315.34,UPI
ORD-100463,2024-04-28,CUST-00241,East,Home & Kitchen,Decor,LED Wall Lamp,1,1041.44,0.15,885.22,116.47,Credit Card
ORD-100902,2024-04-28,CUST-00462,North,Beauty,Makeup,HD Foundation Kit,1,1524.51,0.1,1372.06,588.33,Credit Card
ORD-101852,2024-04-28,CUST-00139,West,Fashion,Footwear,UrbanLoafers,1,3492.2,0.05,3317.59,1296.9,Debit Card
ORD-100336,2024-04-29,CUST-00392,East,Beauty,Makeup,Matte Lipstick Set,2,994.89,0.3,1392.85,281.16,UPI
ORD-100554,2024-04-29,CUST-00356,North,Sports,Outdoor,TrailHike Backpack 60L,2,3471.71,0.1,6249.08,1563.94,Net Banking
ORD-100935,2024-04-29,CUST-00488,East,Fashion,Men,Oxford Casual Shirt,1,1335.56,0.1,1202.0,349.19,UPI
ORD-101609,2024-04-29,CUST-00509,West,Beauty,Skincare,Vitamin C Serum,1,938.41,0.0,938.41,494.34,Credit Card
ORD-100154,2024-04-30,CUST-00303,West,Fashion,Men,SlimFit Denim Jeans,1,2036.2,0.0,2036.2,924.13,Debit Card
ORD-100675,2024-04-30,CUST-00185,North,Sports,Outdoor,TrailHike Backpack 60L,1,3573.79,0.1,3216.41,926.99,Debit Card
ORD-100690,2024-04-30,CUST-00495,West,Sports,Outdoor,AllWeather Tent 4P,1,11804.57,0.3,8263.2,407.58,Net Banking
ORD-101651,2024-04-30,CUST-00509,South,Home & Kitchen,Furniture,Oakwood Study Desk,3,13363.07,0.0,40089.21,14035.58,Net Banking
ORD-100507,2024-05-01,CUST-00323,North,Electronics,Audio,BassBoom Speaker,3,9144.87,0.0,27434.61,4916.83,UPI
ORD-101083,2024-05-01,CUST-00367,North,Fashion,Men,SlimFit Denim Jeans,1,1936.17,0.0,1936.17,855.95,UPI
ORD-100445,2024-05-02,CUST-00134,East,Beauty,Skincare,HydraBoost Moisturizer,1,1169.25,0.15,993.86,338.13,UPI
ORD-100490,2024-05-02,CUST-00590,South,Fashion,Men,SlimFit Denim Jeans,2,2093.08,0.05,3976.85,1473.07,Credit Card
ORD-100573,2024-05-03,CUST-00297,East,Sports,Outdoor,TrailHike Backpack 60L,2,3453.28,0.25,5179.92,666.37,UPI
ORD-100582,2024-05-03,CUST-00246,North,Fashion,Men,SlimFit Denim Jeans,1,1927.53,0.0,1927.53,870.17,Cash on Delivery
ORD-101056,2024-05-03,CUST-00063,West,Home & Kitchen,Decor,LED Wall Lamp,2,1031.38,0.1,1856.48,420.8,Credit Card
ORD-101614,2024-05-03,CUST-00497,North,Fashion,Men,SlimFit Denim Jeans,2,2016.61,0.2,3226.58,738.98,Credit Card
ORD-101684,2024-05-03,CUST-00139,West,Beauty,Skincare,Vitamin C Serum,1,893.61,0.05,848.93,398.47,Credit Card
ORD-101737,2024-05-03,CUST-00222,East,Sports,Fitness,Adjustable Dumbbell 24kg,1,10386.06,0.15,8828.15,1540.67,UPI
ORD-101546,2024-05-04,CUST-00247,North,Electronics,Audio,BassBoom Speaker,5,9301.49,0.0,46507.45,7695.74,UPI
ORD-101616,2024-05-04,CUST-00039,North,Home & Kitchen,Appliances,ColdBrew Coffee Maker,1,6312.67,0.15,5365.77,800.15,Cash on Delivery
ORD-100089,2024-05-05,CUST-00434,West,Electronics,Laptop,ThinkPro 14,2,52964.67,0.05,100632.87,8785.1,Credit Card
ORD-100789,2024-05-05,CUST-00466,East,Home & Kitchen,Decor,LED Wall Lamp,4,968.09,0.0,3872.36,1302.51,Debit Card
ORD-100820,2024-05-05,CUST-00079,North,Fashion,Women,Floral Summer Dress,1,1869.24,0.1,1682.32,580.14,UPI
ORD-101650,2024-05-05,CUST-00276,South,Beauty,Makeup,Matte Lipstick Set,1,983.7,0.1,885.33,402.59,Credit Card
ORD-100682,2024-05-06,CUST-00314,West,Home & Kitchen,Decor,LED Wall Lamp,1,976.39,0.15,829.93,104.02,UPI
ORD-100801,2024-05-06,CUST-00023,North,Sports,Outdoor,TrailHike Backpack 60L,4,3493.3,0.0,13973.2,4956.62,Debit Card
ORD-100654,2024-05-07,CUST-00351,North,Fashion,Women,Knit Winter Sweater,1,2113.06,0.25,1584.8,227.28,UPI
ORD-100955,2024-05-07,CUST-00180,South,Electronics,Laptop,ThinkPro 14,1,56318.5,0.15,47870.72,-98.93,UPI
ORD-101449,2024-05-07,CUST-00163,East,Sports,Outdoor,AllWeather Tent 4P,1,12205.52,0.3,8543.86,494.27,UPI
ORD-100642,2024-05-08,CUST-00563,North,Beauty,Makeup,Matte Lipstick Set,1,1035.95,0.0,1035.95,534.13,Credit Card
ORD-100746,2024-05-08,CUST-00593,North,Fashion,Women,Knit Winter Sweater,1,2178.41,0.3,1524.89,116.89,Credit Card
ORD-101461,2024-05-08,CUST-00011,West,Beauty,Makeup,Matte Lipstick Set,1,990.29,0.15,841.75,306.76,UPI
ORD-100051,2024-05-09,CUST-00056,South,Home & Kitchen,Appliances,ColdBrew Coffee Maker,5,6366.58,0.2,25466.32,2263.2,Debit Card
ORD-100760,2024-05-09,CUST-00494,North,Electronics,Audio,SoundPods Pro,1,5198.25,0.05,4938.34,419.07,UPI
ORD-100969,2024-05-09,CUST-00469,South,Beauty,Makeup,Matte Lipstick Set,2,1000.91,0.05,1901.73,870.14,Credit Card
ORD-101362,2024-05-09,CUST-00090,North,Beauty,Makeup,Matte Lipstick Set,1,1005.93,0.2,804.74,283.06,Credit Card
ORD-101398,2024-05-09,CUST-00456,West,Electronics,Audio,SoundPods Pro,1,4842.3,0.05,4600.19,473.67,Net Banking
ORD-100593,2024-05-10,CUST-00584,South,Beauty,Makeup,Matte Lipstick Set,2,1005.56,0.1,1810.01,813.76,UPI
ORD-100602,2024-05-10,CUST-00447,North,Beauty,Skincare,HydraBoost Moisturizer,1,1213.49,0.05,1152.82,538.8,UPI
ORD-100705,2024-05-10,CUST-00564,South,Electronics,Mobile,iPhone Zeta,2,69818.39,0.05,132654.94,19019.94,UPI
ORD-101097,2024-05-10,CUST-00522,West,Sports,Fitness,ProYoga Mat,2,1284.81,0.25,1927.21,194.68,Debit Card
ORD-101338,2024-05-10,CUST-00082,South,Sports,Fitness,ProYoga Mat,2,1236.0,0.3,1730.4,57.05,UPI
ORD-100291,2024-05-11,CUST-00330,East,Electronics,Audio,SoundPods Pro,2,5041.55,0.05,9578.94,1498.62,Net Banking
ORD-100619,2024-05-11,CUST-00010,South,Home & Kitchen,Furniture,ErgoComfort Chair,3,8737.66,0.1,23591.68,4977.79,UPI
ORD-101051,2024-05-11,CUST-00485,South,Home & Kitchen,Appliances,ColdBrew Coffee Maker,2,6518.26,0.1,11732.87,2373.42,Credit Card
ORD-101811,2024-05-11,CUST-00226,West,Electronics,Mobile,Pixel Aura 12,2,32266.04,0.25,48399.06,-3997.54,UPI
ORD-101932,2024-05-11,CUST-00041,North,Beauty,Skincare,HydraBoost Moisturizer,1,1241.96,0.05,1179.86,589.79,Debit Card
ORD-100129,2024-05-12,CUST-00057,South,Beauty,Skincare,Vitamin C Serum,5,894.5,0.1,4025.25,1808.98,Net Banking
ORD-100227,2024-05-13,CUST-00268,North,Sports,Fitness,ProYoga Mat,1,1285.28,0.1,1156.75,315.04,Credit Card
ORD-100239,2024-05-13,CUST-00182,South,Sports,Fitness,ProYoga Mat,1,1236.64,0.1,1112.98,292.98,Credit Card
ORD-100282,2024-05-13,CUST-00500,East,Fashion,Men,Oxford Casual Shirt,4,1307.96,0.05,4970.25,1777.13,Debit Card
ORD-101293,2024-05-13,CUST-00028,South,Electronics,Mobile,Pixel Aura 12,1,33162.99,0.25,24872.24,-2594.89,Debit Card
ORD-101407,2024-05-13,CUST-00428,North,Fashion,Footwear,UrbanLoafers,1,3368.55,0.2,2694.84,593.04,Debit Card
ORD-101600,2024-05-13,CUST-00079,South,Beauty,Makeup,HD Foundation Kit,2,1476.68,0.05,2805.69,1426.42,UPI
ORD-101827,2024-05-13,CUST-00181,South,Fashion,Footwear,RunFlex Sneakers,1,2932.38,0.2,2345.9,357.8,Net Banking
ORD-100075,2024-05-14,CUST-00303,South,Beauty,Makeup,Matte Lipstick Set,2,1013.62,0.25,1520.43,375.87,Credit Card
ORD-100544,2024-05-14,CUST-00099,South,Home & Kitchen,Appliances,AirFryer Deluxe,1,7944.89,0.05,7547.65,2241.71,Credit Card
ORD-100965,2024-05-14,CUST-00384,East,Fashion,Footwear,UrbanLoafers,1,3557.91,0.3,2490.54,190.76,Net Banking
ORD-101267,2024-05-14,CUST-00119,North,Electronics,Mobile,Galaxy Nova X5,3,24322.96,0.05,69320.44,9308.85,Cash on Delivery
ORD-101900,2024-05-14,CUST-00309,North,Home & Kitchen,Appliances,AirFryer Deluxe,2,7771.44,0.1,13988.59,3214.37,UPI
ORD-100182,2024-05-15,CUST-00442,South,Sports,Fitness,Adjustable Dumbbell 24kg,1,9504.24,0.0,9504.24,3465.83,UPI
ORD-100204,2024-05-15,CUST-00330,North,Home & Kitchen,Appliances,ColdBrew Coffee Maker,4,6759.06,0.05,25684.43,7646.63,Debit Card
ORD-100469,2024-05-15,CUST-00245,East,Sports,Outdoor,TrailHike Backpack 60L,1,3519.46,0.0,3519.46,1200.11,Cash on Delivery
ORD-100921,2024-05-15,CUST-00032,East,Beauty,Skincare,Vitamin C Serum,1,875.56,0.15,744.23,279.29,UPI
ORD-101728,2024-05-15,CUST-00195,North,Electronics,Laptop,AirBook Slim,2,76681.54,0.15,130358.62,-2112.08,Debit Card
ORD-101961,2024-05-15,CUST-00005,South,Electronics,Mobile,iPhone Zeta,4,67462.99,0.0,269851.96,49849.1,UPI
ORD-100159,2024-05-16,CUST-00357,South,Fashion,Men,Oxford Casual Shirt,1,1292.31,0.2,1033.85,230.93,UPI
ORD-100637,2024-05-16,CUST-00326,South,Electronics,Audio,SoundPods Pro,1,4911.19,0.0,4911.19,935.43,Net Banking
ORD-100689,2024-05-16,CUST-00053,North,Beauty,Skincare,HydraBoost Moisturizer,5,1244.79,0.1,5601.56,2447.22,UPI
ORD-101255,2024-05-16,CUST-00590,East,Sports,Outdoor,AllWeather Tent 4P,1,12377.24,0.05,11758.38,3598.45,Credit Card
ORD-101206,2024-05-17,CUST-00064,West,Fashion,Footwear,RunFlex Sneakers,1,2999.29,0.1,2699.36,753.87,UPI
ORD-101576,2024-05-17,CUST-00354,East,Home & Kitchen,Decor,Ceramic Vase Set,1,1485.36,0.0,1485.36,508.18,UPI
ORD-101665,2024-05-17,CUST-00001,West,Beauty,Skincare,Vitamin C Serum,3,912.95,0.1,2464.97,1051.44,Credit Card
ORD-101404,2024-05-18,CUST-00160,West,Fashion,Men,SlimFit Denim Jeans,1,1957.93,0.0,1957.93,763.98,Cash on Delivery
ORD-100519,2024-05-19,CUST-00285,North,Electronics,Mobile,Pixel Aura 12,1,32788.24,0.1,29509.42,2264.96,UPI
ORD-100687,2024-05-19,CUST-00528,South,Electronics,Audio,BassBoom Speaker,2,9335.88,0.05,17738.17,2828.76,Credit Card
ORD-101395,2024-05-19,CUST-00007,South,Beauty,Makeup,HD Foundation Kit,1,1559.39,0.0,1559.39,806.32,UPI
ORD-101536,2024-05-19,CUST-00590,North,Sports,Outdoor,TrailHike Backpack 60L,2,3650.21,0.05,6935.4,2506.83,Debit Card
ORD-101591,2024-05-19,CUST-00368,North,Electronics,Mobile,Pixel Aura 12,1,33001.63,0.1,29701.47,908.93,UPI
ORD-100124,2024-05-20,CUST-00408,South,Fashion,Footwear,UrbanLoafers,1,3335.38,0.25,2501.53,262.1,UPI
ORD-101063,2024-05-20,CUST-00331,North,Fashion,Men,SlimFit Denim Jeans,2,1909.54,0.1,3437.17,1142.62,UPI
ORD-101099,2024-05-20,CUST-00094,West,Home & Kitchen,Decor,LED Wall Lamp,1,981.73,0.1,883.56,176.4,Credit Card
ORD-101235,2024-05-20,CUST-00569,East,Sports,Outdoor,AllWeather Tent 4P,1,12530.47,0.0,12530.47,5147.95,Debit Card
ORD-101740,2024-05-20,CUST-00293,West,Sports,Fitness,ProYoga Mat,3,1353.2,0.05,3856.62,1381.83,Credit Card
ORD-100292,2024-05-21,CUST-00525,West,Beauty,Makeup,HD Foundation Kit,5,1538.33,0.25,5768.74,1409.81,Cash on Delivery
ORD-100772,2024-05-21,CUST-00123,North,Electronics,Mobile,Pixel Aura 12,1,33371.07,0.05,31702.52,4676.08,UPI
ORD-100818,2024-05-21,CUST-00121,South,Beauty,Makeup,Matte Lipstick Set,2,1025.54,0.0,2051.08,1160.16,Credit Card
ORD-100899,2024-05-21,CUST-00046,East,Fashion,Footwear,RunFlex Sneakers,2,2950.97,0.05,5606.84,2177.47,Debit Card
ORD-100919,2024-05-21,CUST-00516,East,Sports,Fitness,ProYoga Mat,1,1360.6,0.1,1224.54,315.72,Credit Card
ORD-101280,2024-05-21,CUST-00572,East,Home & Kitchen,Furniture,ErgoComfort Chair,2,9195.87,0.25,13793.81,270.9,Debit Card
ORD-101403,2024-05-21,CUST-00489,South,Beauty,Skincare,HydraBoost Moisturizer,4,1172.16,0.15,3985.34,1651.59,UPI
ORD-101891,2024-05-21,CUST-00530,South,Sports,Fitness,Adjustable Dumbbell 24kg,1,10182.94,0.0,10182.94,3562.48,UPI
ORD-100127,2024-05-22,CUST-00506,East,Beauty,Makeup,HD Foundation Kit,3,1563.06,0.15,3985.8,1548.55,Credit Card
ORD-100188,2024-05-22,CUST-00248,East,Fashion,Footwear,RunFlex Sneakers,2,3134.86,0.1,5642.75,1703.71,Credit Card
ORD-100657,2024-05-22,CUST-00126,West,Sports,Outdoor,TrailHike Backpack 60L,5,3606.16,0.2,14424.64,1590.27,UPI
ORD-100724,2024-05-22,CUST-00148,West,Electronics,Mobile,Pixel Aura 12,1,31405.66,0.4,18843.4,-5188.15,Net Banking
ORD-101247,2024-05-22,CUST-00408,East,Beauty,Makeup,Matte Lipstick Set,2,964.07,0.05,1831.73,839.53,Cash on Delivery
ORD-101310,2024-05-22,CUST-00479,West,Beauty,Skincare,HydraBoost Moisturizer,3,1237.67,0.0,3713.01,1972.09,Debit Card
ORD-101592,2024-05-22,CUST-00340,North,Fashion,Women,Knit Winter Sweater,1,2164.79,0.25,1623.59,209.21,UPI
ORD-101743,2024-05-22,CUST-00434,South,Beauty,Makeup,Matte Lipstick Set,1,950.26,0.05,902.75,478.51,Debit Card
ORD-100452,2024-05-23,CUST-00026,East,Beauty,Skincare,HydraBoost Moisturizer,2,1185.82,0.0,2371.64,1229.79,Credit Card
ORD-101105,2024-05-23,CUST-00371,South,Fashion,Women,Floral Summer Dress,5,1797.12,0.1,8087.04,2212.99,UPI
ORD-101124,2024-05-23,CUST-00310,East,Home & Kitchen,Furniture,ErgoComfort Chair,1,8743.04,0.15,7431.58,1334.01,Credit Card
ORD-101657,2024-05-23,CUST-00130,South,Electronics,Audio,SoundPods Pro,1,4773.73,0.1,4296.36,400.03,Credit Card
ORD-101174,2024-05-24,CUST-00182,South,Electronics,Laptop,AirBook Slim,1,81635.12,0.15,69389.85,1898.92,UPI
ORD-101753,2024-05-24,CUST-00245,East,Home & Kitchen,Furniture,ErgoComfort Chair,1,9388.7,0.0,9388.7,2842.49,Net Banking
ORD-100211,2024-05-26,CUST-00577,West,Electronics,Audio,SoundPods Pro,1,4898.65,0.05,4653.72,526.42,Net Banking
ORD-100651,2024-05-26,CUST-00215,East,Beauty,Makeup,HD Foundation Kit,2,1554.38,0.25,2331.57,539.16,Debit Card
ORD-101219,2024-05-26,CUST-00538,West,Home & Kitchen,Furniture,ErgoComfort Chair,1,9063.83,0.0,9063.83,2980.47,Credit Card
ORD-100756,2024-05-27,CUST-00594,North,Home & Kitchen,Furniture,Oakwood Study Desk,2,12840.55,0.15,21828.93,3019.78,UPI
ORD-101022,2024-05-27,CUST-00421,West,Sports,Outdoor,TrailHike Backpack 60L,1,3385.06,0.1,3046.55,921.25,Net Banking
ORD-101574,2024-05-27,CUST-00220,North,Fashion,Women,Knit Winter Sweater,3,2118.02,0.25,4765.55,578.27,UPI
ORD-100523,2024-05-28,CUST-00377,South,Beauty,Skincare,HydraBoost Moisturizer,1,1152.59,0.1,1037.33,455.03,UPI
ORD-101176,2024-05-28,CUST-00380,West,Fashion,Women,Floral Summer Dress,1,1796.46,0.0,1796.46,714.11,Credit Card
ORD-101618,2024-05-28,CUST-00005,North,Fashion,Footwear,UrbanLoafers,2,3654.12,0.25,5481.18,546.23,UPI
ORD-100070,2024-05-29,CUST-00422,North,Electronics,Laptop,ThinkPro 14,2,52502.0,0.25,78753.0,-6600.17,UPI
ORD-100113,2024-05-29,CUST-00294,West,Home & Kitchen,Furniture,ErgoComfort Chair,5,8574.42,0.05,40728.49,12502.26,Credit Card
ORD-100146,2024-05-29,CUST-00295,East,Home & Kitchen,Decor,LED Wall Lamp,2,1021.14,0.25,1531.71,39.09,Credit Card
ORD-100359,2024-05-29,CUST-00402,East,Sports,Fitness,Adjustable Dumbbell 24kg,1,9997.4,0.15,8497.79,1675.86,UPI
ORD-100741,2024-05-29,CUST-00328,South,Home & Kitchen,Decor,LED Wall Lamp,1,960.47,0.15,816.4,125.62,Cash on Delivery
ORD-101076,2024-05-29,CUST-00356,South,Fashion,Footwear,RunFlex Sneakers,1,2959.2,0.0,2959.2,1318.79,UPI
ORD-101458,2024-05-29,CUST-00337,East,Home & Kitchen,Furniture,ErgoComfort Chair,3,9022.24,0.0,27066.72,9313.16,Credit Card
ORD-101982,2024-05-29,CUST-00435,East,Home & Kitchen,Furniture,Oakwood Study Desk,1,12946.01,0.1,11651.41,2363.36,Credit Card
ORD-100252,2024-05-30,CUST-00460,East,Sports,Fitness,Adjustable Dumbbell 24kg,1,10352.9,0.05,9835.25,2805.78,Credit Card
ORD-101228,2024-05-30,CUST-00273,East,Fashion,Footwear,UrbanLoafers,1,3621.11,0.1,3259.0,902.02,UPI
ORD-101838,2024-05-30,CUST-00482,East,Home & Kitchen,Decor,LED Wall Lamp,1,1015.86,0.05,965.07,226.4,UPI
ORD-100024,2024-05-31,CUST-00043,West,Home & Kitchen,Furniture,ErgoComfort Chair,2,8557.75,0.05,16259.72,3878.26,Net Banking
ORD-100670,2024-05-31,CUST-00438,East,Fashion,Women,Knit Winter Sweater,1,2137.02,0.0,2137.02,940.01,UPI
ORD-100994,2024-05-31,CUST-00363,North,Sports,Outdoor,TrailHike Backpack 60L,4,3519.98,0.0,14079.92,5416.82,UPI
ORD-101143,2024-05-31,CUST-00460,North,Home & Kitchen,Appliances,ColdBrew Coffee Maker,1,6631.08,0.05,6299.53,1483.19,Net Banking
ORD-101146,2024-05-31,CUST-00144,South,Sports,Outdoor,TrailHike Backpack 60L,1,3657.96,0.15,3109.27,624.23,Cash on Delivery
ORD-101428,2024-05-31,CUST-00456,South,Fashion,Footwear,RunFlex Sneakers,3,3051.99,0.25,6866.98,1015.08,UPI
ORD-101477,2024-05-31,CUST-00066,North,Home & Kitchen,Furniture,ErgoComfort Chair,1,9032.14,0.1,8128.93,2021.18,Credit Card
ORD-100065,2024-06-01,CUST-00496,West,Home & Kitchen,Appliances,ColdBrew Coffee Maker,3,6368.08,0.0,19104.24,6437.27,Credit Card
ORD-101047,2024-06-01,CUST-00015,South,Home & Kitchen,Decor,LED Wall Lamp,3,964.3,0.05,2748.25,801.19,Cash on Delivery
ORD-101230,2024-06-01,CUST-00319,North,Fashion,Footwear,UrbanLoafers,2,3586.62,0.4,4303.94,-257.57,UPI
ORD-101406,2024-06-01,CUST-00135,East,Beauty,Skincare,Vitamin C Serum,2,920.11,0.15,1564.19,543.88,Cash on Delivery
ORD-101598,2024-06-01,CUST-00359,West,Home & Kitchen,Furniture,Oakwood Study Desk,1,13387.08,0.15,11379.02,2231.91,UPI
ORD-100105,2024-06-02,CUST-00597,East,Beauty,Skincare,HydraBoost Moisturizer,1,1220.39,0.0,1220.39,650.14,Credit Card
ORD-100324,2024-06-02,CUST-00182,West,Sports,Fitness,ProYoga Mat,1,1236.2,0.0,1236.2,472.0,Credit Card
ORD-100344,2024-06-02,CUST-00010,West,Fashion,Footwear,RunFlex Sneakers,3,3090.2,0.15,7880.01,1985.19,UPI
ORD-100733,2024-06-02,CUST-00392,North,Sports,Outdoor,TrailHike Backpack 60L,2,3466.56,0.0,6933.12,2768.51,Debit Card
ORD-100719,2024-06-03,CUST-00544,West,Fashion,Men,Oxford Casual Shirt,1,1249.42,0.1,1124.48,381.05,Net Banking
ORD-101714,2024-06-03,CUST-00188,North,Sports,Outdoor,AllWeather Tent 4P,1,12199.54,0.15,10369.61,2315.36,UPI
ORD-101836,2024-06-03,CUST-00347,South,Beauty,Makeup,Matte Lipstick Set,1,1040.04,0.0,1040.04,593.24,Net Banking
ORD-101849,2024-06-03,CUST-00428,North,Home & Kitchen,Appliances,AirFryer Deluxe,3,7848.26,0.0,23544.78,8521.25,Net Banking
ORD-100449,2024-06-04,CUST-00401,North,Beauty,Makeup,HD Foundation Kit,1,1521.91,0.05,1445.81,654.33,UPI
ORD-100950,2024-06-04,CUST-00075,South,Electronics,Audio,BassBoom Speaker,2,9225.69,0.4,11070.83,-2863.26,UPI
ORD-100972,2024-06-04,CUST-00435,East,Home & Kitchen,Appliances,AirFryer Deluxe,2,7732.44,0.4,9278.93,-1459.58,Credit Card
ORD-101430,2024-06-04,CUST-00183,North,Beauty,Skincare,Vitamin C Serum,4,912.4,0.05,3467.12,1751.46,UPI
ORD-100391,2024-06-05,CUST-00320,East,Sports,Fitness,ProYoga Mat,2,1322.12,0.1,2379.82,701.61,UPI
ORD-100506,2024-06-05,CUST-00099,South,Electronics,Mobile,iPhone Zeta,1,71245.73,0.0,71245.73,15514.88,Credit Card
ORD-101073,2024-06-05,CUST-00408,North,Electronics,Audio,SoundPods Pro,1,5096.44,0.2,4077.15,-277.85,Credit Card
ORD-101438,2024-06-05,CUST-00166,West,Sports,Outdoor,TrailHike Backpack 60L,1,3369.9,0.15,2864.41,527.87,UPI
ORD-100063,2024-06-06,CUST-00299,South,Fashion,Women,Floral Summer Dress,2,1887.56,0.0,3775.12,1710.26,UPI
ORD-100364,2024-06-06,CUST-00110,East,Fashion,Men,Oxford Casual Shirt,1,1354.97,0.1,1219.47,420.42,UPI
ORD-100631,2024-06-06,CUST-00183,North,Fashion,Men,SlimFit Denim Jeans,2,1923.87,0.0,3847.74,1690.37,Credit Card
ORD-101187,2024-06-06,CUST-00446,East,Fashion,Women,Floral Summer Dress,1,1869.68,0.1,1682.71,460.53,UPI
ORD-101439,2024-06-06,CUST-00189,West,Beauty,Skincare,Vitamin C Serum,2,943.69,0.0,1887.38,1014.82,Net Banking
ORD-101487,2024-06-06,CUST-00083,North,Sports,Fitness,Adjustable Dumbbell 24kg,1,9973.17,0.25,7479.88,868.29,UPI
ORD-101489,2024-06-06,CUST-00177,South,Sports,Fitness,ProYoga Mat,1,1332.44,0.05,1265.82,428.59,Credit Card
ORD-101770,2024-06-06,CUST-00123,East,Beauty,Makeup,HD Foundation Kit,1,1460.24,0.1,1314.22,519.51,Net Banking
ORD-101825,2024-06-06,CUST-00419,North,Home & Kitchen,Appliances,AirFryer Deluxe,2,7709.52,0.25,11564.28,295.64,UPI
ORD-100299,2024-06-07,CUST-00331,West,Beauty,Skincare,HydraBoost Moisturizer,1,1170.73,0.0,1170.73,612.14,UPI
ORD-100363,2024-06-07,CUST-00092,East,Electronics,Mobile,Pixel Aura 12,2,32151.22,0.05,61087.32,9774.39,Credit Card
ORD-100799,2024-06-07,CUST-00319,West,Beauty,Skincare,Vitamin C Serum,1,941.01,0.1,846.91,343.77,Credit Card
ORD-100940,2024-06-07,CUST-00197,South,Fashion,Men,Oxford Casual Shirt,1,1302.95,0.05,1237.8,409.38,Credit Card
ORD-100022,2024-06-08,CUST-00216,West,Beauty,Makeup,Matte Lipstick Set,2,1042.13,0.1,1875.83,756.5,UPI
ORD-100228,2024-06-08,CUST-00461,East,Home & Kitchen,Decor,LED Wall Lamp,1,956.51,0.0,956.51,292.9,Credit Card
ORD-100481,2024-06-08,CUST-00560,West,Home & Kitchen,Decor,Ceramic Vase Set,1,1448.42,0.1,1303.58,259.58,UPI
ORD-101696,2024-06-08,CUST-00306,South,Beauty,Skincare,Vitamin C Serum,1,894.39,0.0,894.39,459.46,Cash on Delivery
ORD-101864,2024-06-08,CUST-00367,South,Fashion,Men,SlimFit Denim Jeans,2,2010.21,0.0,4020.42,1619.07,Credit Card
ORD-100307,2024-06-09,CUST-00140,West,Electronics,Laptop,AirBook Slim,2,82369.82,0.0,164739.64,28090.26,UPI
ORD-100728,2024-06-09,CUST-00095,East,Sports,Outdoor,AllWeather Tent 4P,2,12501.94,0.2,20003.1,3003.46,Credit Card
ORD-101491,2024-06-09,CUST-00086,West,Electronics,Mobile,iPhone Zeta,1,66804.31,0.2,53443.45,-2356.23,UPI
ORD-101619,2024-06-09,CUST-00217,South,Sports,Fitness,ProYoga Mat,1,1356.29,0.0,1356.29,549.39,UPI
ORD-101975,2024-06-09,CUST-00600,North,Home & Kitchen,Furniture,ErgoComfort Chair,3,9372.77,0.05,26712.39,6391.33,Credit Card
ORD-100148,2024-06-10,CUST-00488,North,Fashion,Men,SlimFit Denim Jeans,2,1981.67,0.0,3963.34,1733.52,Debit Card
ORD-100361,2024-06-11,CUST-00044,North,Fashion,Footwear,RunFlex Sneakers,1,2877.23,0.15,2445.65,637.78,UPI
ORD-101186,2024-06-11,CUST-00008,South,Electronics,Audio,SoundPods Pro,1,5129.52,0.15,4360.09,149.46,Credit Card
ORD-100001,2024-06-12,CUST-00349,South,Fashion,Men,SlimFit Denim Jeans,2,2039.24,0.15,3466.71,835.69,UPI
ORD-100401,2024-06-12,CUST-00390,East,Electronics,Mobile,Galaxy Nova X5,2,23962.31,0.1,43132.16,3518.82,Cash on Delivery
ORD-101380,2024-06-12,CUST-00188,North,Sports,Outdoor,AllWeather Tent 4P,2,11937.79,0.05,22681.8,7016.5,Cash on Delivery
ORD-101834,2024-06-12,CUST-00453,West,Sports,Outdoor,TrailHike Backpack 60L,1,3453.33,0.15,2935.33,550.19,Credit Card
ORD-100060,2024-06-13,CUST-00508,South,Home & Kitchen,Furniture,ErgoComfort Chair,2,8631.16,0.05,16399.2,4269.32,Credit Card
ORD-100366,2024-06-13,CUST-00159,East,Fashion,Footwear,RunFlex Sneakers,1,2989.52,0.05,2840.04,1113.05,Net Banking
ORD-100479,2024-06-13,CUST-00293,South,Fashion,Women,Knit Winter Sweater,5,2099.46,0.15,8922.7,2103.52,UPI
ORD-101108,2024-06-13,CUST-00277,South,Electronics,Audio,BassBoom Speaker,2,9418.71,0.0,18837.42,3214.83,UPI
ORD-100329,2024-06-14,CUST-00521,North,Beauty,Makeup,HD Foundation Kit,5,1540.1,0.1,6930.45,2958.27,Net Banking
ORD-100556,2024-06-14,CUST-00290,East,Fashion,Women,Knit Winter Sweater,4,2237.07,0.2,7158.62,1494.48,Debit Card
ORD-100649,2024-06-14,CUST-00095,East,Home & Kitchen,Appliances,AirFryer Deluxe,2,7808.09,0.1,14054.56,2971.66,UPI
ORD-101943,2024-06-14,CUST-00412,East,Sports,Fitness,Adjustable Dumbbell 24kg,1,10165.75,0.25,7624.31,415.27,UPI
ORD-100647,2024-06-15,CUST-00447,North,Sports,Outdoor,AllWeather Tent 4P,1,12104.96,0.1,10894.46,2807.54,Net Banking
ORD-100004,2024-06-16,CUST-00277,North,Home & Kitchen,Furniture,ErgoComfort Chair,1,9180.62,0.1,8262.56,1897.78,Credit Card
ORD-101238,2024-06-16,CUST-00116,East,Electronics,Laptop,ThinkPro 14,1,57727.56,0.0,57727.56,12273.52,UPI
ORD-101469,2024-06-16,CUST-00573,North,Electronics,Laptop,AirBook Slim,1,76690.96,0.0,76690.96,12691.05,Credit Card
ORD-101766,2024-06-16,CUST-00198,South,Beauty,Makeup,Matte Lipstick Set,1,956.37,0.0,956.37,540.16,Credit Card
ORD-100076,2024-06-17,CUST-00494,South,Home & Kitchen,Appliances,ColdBrew Coffee Maker,1,6524.61,0.0,6524.61,2399.22,Net Banking
ORD-100875,2024-06-17,CUST-00001,West,Beauty,Makeup,Matte Lipstick Set,1,1047.86,0.15,890.68,307.11,UPI
ORD-101193,2024-06-17,CUST-00346,East,Electronics,Audio,SoundPods Pro,2,5109.44,0.0,10218.88,1877.6,UPI
ORD-101256,2024-06-17,CUST-00336,West,Home & Kitchen,Decor,Ceramic Vase Set,3,1568.03,0.0,4704.09,1711.83,UPI
ORD-101339,2024-06-17,CUST-00436,South,Fashion,Footwear,UrbanLoafers,1,3328.82,0.15,2829.5,768.64,Cash on Delivery
ORD-100011,2024-06-18,CUST-00434,North,Electronics,Mobile,iPhone Zeta,1,71823.19,0.0,71823.19,14455.62,Credit Card
ORD-100577,2024-06-18,CUST-00586,North,Sports,Fitness,Adjustable Dumbbell 24kg,1,10169.43,0.0,10169.43,3818.09,UPI
ORD-101222,2024-06-18,CUST-00587,West,Beauty,Skincare,HydraBoost Moisturizer,1,1140.94,0.0,1140.94,672.73,Credit Card
ORD-100281,2024-06-19,CUST-00061,South,Fashion,Men,Oxford Casual Shirt,1,1342.61,0.05,1275.48,481.74,Credit Card
ORD-100706,2024-06-19,CUST-00133,North,Home & Kitchen,Appliances,ColdBrew Coffee Maker,4,6640.24,0.05,25232.91,7705.32,UPI
ORD-101344,2024-06-19,CUST-00032,East,Beauty,Makeup,Matte Lipstick Set,1,988.82,0.25,741.62,177.25,Credit Card
ORD-100492,2024-06-20,CUST-00324,North,Electronics,Laptop,AirBook Slim,1,79108.54,0.25,59331.4,-5113.45,UPI
ORD-101997,2024-06-20,CUST-00060,East,Sports,Fitness,ProYoga Mat,2,1257.58,0.1,2263.64,681.73,Debit Card
ORD-100203,2024-06-21,CUST-00300,East,Beauty,Makeup,Matte Lipstick Set,2,1030.32,0.15,1751.54,704.01,Credit Card
ORD-100271,2024-06-21,CUST-00163,North,Electronics,Laptop,AirBook Slim,2,80061.53,0.0,160123.06,22477.61,Debit Card
ORD-100312,2024-06-21,CUST-00253,South,Fashion,Women,Knit Winter Sweater,1,2156.27,0.1,1940.64,604.96,UPI
ORD-100457,2024-06-21,CUST-00567,South,Beauty,Skincare,HydraBoost Moisturizer,3,1230.68,0.15,3138.23,1208.05,UPI
ORD-100503,2024-06-21,CUST-00204,East,Electronics,Laptop,AirBook Slim,1,75990.86,0.1,68391.77,3869.94,Cash on Delivery
ORD-100986,2024-06-21,CUST-00115,South,Beauty,Makeup,Matte Lipstick Set,2,1034.56,0.0,2069.12,1135.61,Credit Card
ORD-101399,2024-06-21,CUST-00176,North,Electronics,Mobile,Pixel Aura 12,3,33830.36,0.0,101491.08,14258.43,Debit Card
ORD-101674,2024-06-21,CUST-00225,North,Sports,Fitness,ProYoga Mat,3,1314.0,0.05,3744.9,1114.49,UPI
ORD-100332,2024-06-22,CUST-00369,South,Electronics,Mobile,iPhone Zeta,4,67862.26,0.05,257876.59,37448.0,Credit Card
ORD-100535,2024-06-22,CUST-00348,North,Beauty,Makeup,HD Foundation Kit,5,1443.87,0.1,6497.41,3030.25,UPI
ORD-100581,2024-06-22,CUST-00334,North,Electronics,Mobile,Galaxy Nova X5,1,24205.7,0.0,24205.7,4876.59,Cash on Delivery
ORD-100142,2024-06-23,CUST-00390,East,Beauty,Makeup,HD Foundation Kit,5,1540.4,0.15,6546.7,2512.04,Credit Card
ORD-100466,2024-06-23,CUST-00567,South,Beauty,Skincare,HydraBoost Moisturizer,1,1194.03,0.2,955.22,280.54,Net Banking
ORD-100683,2024-06-23,CUST-00399,East,Beauty,Makeup,Matte Lipstick Set,1,1035.5,0.15,880.17,335.89,Net Banking
ORD-100913,2024-06-23,CUST-00262,East,Beauty,Skincare,HydraBoost Moisturizer,1,1192.33,0.05,1132.71,554.41,UPI
ORD-101538,2024-06-23,CUST-00400,East,Beauty,Makeup,HD Foundation Kit,1,1559.85,0.0,1559.85,899.43,UPI
ORD-101539,2024-06-23,CUST-00380,South,Home & Kitchen,Appliances,ColdBrew Coffee Maker,2,6719.56,0.25,10079.34,521.16,UPI
ORD-100176,2024-06-24,CUST-00445,South,Fashion,Women,Floral Summer Dress,2,1845.7,0.2,2953.12,465.06,Credit Card
ORD-100562,2024-06-24,CUST-00382,South,Electronics,Mobile,Pixel Aura 12,5,31370.79,0.15,133325.86,4571.09,UPI
ORD-101237,2024-06-24,CUST-00411,North,Beauty,Makeup,Matte Lipstick Set,5,994.39,0.0,4971.95,2571.17,Cash on Delivery
ORD-101257,2024-06-24,CUST-00227,South,Fashion,Footwear,UrbanLoafers,2,3386.3,0.25,5079.45,853.87,Cash on Delivery
ORD-101500,2024-06-24,CUST-00579,West,Home & Kitchen,Furniture,ErgoComfort Chair,1,8760.48,0.1,7884.43,1827.47,Credit Card
ORD-101788,2024-06-24,CUST-00587,East,Beauty,Skincare,HydraBoost Moisturizer,4,1194.22,0.0,4776.88,2491.4,UPI
ORD-101026,2024-06-25,CUST-00577,North,Home & Kitchen,Appliances,AirFryer Deluxe,2,7944.43,0.25,11916.65,928.97,UPI
ORD-100198,2024-06-26,CUST-00502,South,Electronics,Mobile,Pixel Aura 12,2,32729.2,0.05,62185.48,5816.17,UPI
ORD-100237,2024-06-26,CUST-00326,South,Home & Kitchen,Appliances,AirFryer Deluxe,2,8059.55,0.25,12089.33,980.6,Cash on Delivery
ORD-100431,2024-06-26,CUST-00193,South,Electronics,Mobile,Pixel Aura 12,2,32398.84,0.05,61557.8,6963.61,Credit Card
ORD-100727,2024-06-26,CUST-00012,North,Sports,Fitness,Adjustable Dumbbell 24kg,1,9942.98,0.15,8451.53,1851.63,UPI
ORD-101669,2024-06-26,CUST-00434,East,Fashion,Women,Knit Winter Sweater,1,2295.62,0.1,2066.06,549.21,UPI
ORD-101984,2024-06-26,CUST-00564,South,Home & Kitchen,Decor,Ceramic Vase Set,1,1446.37,0.05,1374.05,330.3,Credit Card
ORD-101708,2024-06-27,CUST-00052,West,Sports,Outdoor,AllWeather Tent 4P,1,11846.41,0.0,11846.41,4321.96,Cash on Delivery
ORD-100059,2024-06-28,CUST-00453,East,Electronics,Mobile,iPhone Zeta,3,73154.46,0.1,197517.04,20732.53,UPI
ORD-100149,2024-06-28,CUST-00181,East,Sports,Fitness,Adjustable Dumbbell 24kg,1,10406.9,0.1,9366.21,2174.43,Credit Card
ORD-100218,2024-06-28,CUST-00141,South,Fashion,Men,SlimFit Denim Jeans,1,1989.68,0.05,1890.2,701.65,Debit Card
ORD-100331,2024-06-28,CUST-00450,East,Fashion,Women,Floral Summer Dress,2,1876.48,0.15,3190.02,764.17,UPI
ORD-100411,2024-06-28,CUST-00347,South,Home & Kitchen,Decor,LED Wall Lamp,2,982.34,0.0,1964.68,632.01,Cash on Delivery
ORD-100487,2024-06-28,CUST-00582,East,Sports,Outdoor,TrailHike Backpack 60L,4,3455.53,0.1,12439.91,2805.57,UPI
ORD-101341,2024-06-28,CUST-00127,West,Beauty,Makeup,Matte Lipstick Set,1,1030.87,0.05,979.33,456.37,Cash on Delivery
ORD-101117,2024-06-29,CUST-00482,East,Fashion,Footwear,RunFlex Sneakers,1,2864.69,0.0,2864.69,1238.61,Cash on Delivery
ORD-101634,2024-06-29,CUST-00151,East,Home & Kitchen,Furniture,Oakwood Study Desk,1,13323.43,0.2,10658.74,750.58,UPI
ORD-100622,2024-06-30,CUST-00501,North,Fashion,Women,Floral Summer Dress,1,1824.01,0.3,1276.81,75.81,Credit Card
ORD-101001,2024-06-30,CUST-00456,South,Fashion,Footwear,RunFlex Sneakers,5,3053.94,0.0,15269.7,5991.43,UPI
ORD-101382,2024-06-30,CUST-00025,South,Sports,Fitness,ProYoga Mat,1,1325.52,0.15,1126.69,228.85,Credit Card
ORD-101553,2024-06-30,CUST-00387,South,Electronics,Mobile,iPhone Zeta,2,71050.08,0.4,85260.1,-24487.66,UPI
ORD-100447,2024-07-01,CUST-00504,North,Home & Kitchen,Furniture,Oakwood Study Desk,1,12854.18,0.0,12854.18,4751.89,Debit Card
ORD-101008,2024-07-01,CUST-00046,East,Sports,Fitness,Adjustable Dumbbell 24kg,5,10324.36,0.0,51621.8,21159.59,Credit Card
ORD-100174,2024-07-02,CUST-00099,North,Electronics,Audio,BassBoom Speaker,1,8796.29,0.1,7916.66,816.99,Debit Card
ORD-100316,2024-07-02,CUST-00580,South,Electronics,Audio,SoundPods Pro,3,5056.01,0.15,12892.83,-247.96,Credit Card
ORD-100372,2024-07-02,CUST-00572,North,Beauty,Skincare,Vitamin C Serum,2,871.08,0.1,1567.94,685.34,Credit Card
ORD-101118,2024-07-02,CUST-00474,East,Sports,Fitness,ProYoga Mat,1,1312.33,0.3,918.63,1.07,UPI
ORD-101899,2024-07-02,CUST-00237,West,Home & Kitchen,Furniture,ErgoComfort Chair,2,8925.93,0.3,12496.3,-304.33,Net Banking
ORD-100121,2024-07-03,CUST-00329,North,Sports,Outdoor,AllWeather Tent 4P,4,12360.35,0.05,46969.33,16000.88,Credit Card
ORD-100433,2024-07-03,CUST-00435,East,Sports,Fitness,ProYoga Mat,1,1345.78,0.15,1143.91,273.38,Cash on Delivery
ORD-100758,2024-07-03,CUST-00183,West,Electronics,Laptop,ThinkPro 14,1,53405.66,0.1,48065.09,2816.26,Credit Card
ORD-101329,2024-07-03,CUST-00490,North,Sports,Outdoor,TrailHike Backpack 60L,1,3666.57,0.1,3299.91,954.62,UPI
ORD-101495,2024-07-03,CUST-00145,North,Sports,Outdoor,AllWeather Tent 4P,2,11541.54,0.15,19620.62,3969.79,UPI
ORD-100910,2024-07-04,CUST-00280,North,Electronics,Laptop,AirBook Slim,1,77219.84,0.25,57914.88,-5350.81,Credit Card
ORD-100040,2024-07-05,CUST-00389,East,Sports,Fitness,Adjustable Dumbbell 24kg,4,10033.12,0.4,24079.49,-1142.47,Credit Card
ORD-100047,2024-07-05,CUST-00364,East,Home & Kitchen,Furniture,Oakwood Study Desk,1,13324.59,0.05,12658.36,3520.14,UPI
ORD-101268,2024-07-05,CUST-00291,East,Home & Kitchen,Decor,Ceramic Vase Set,1,1496.08,0.05,1421.28,389.78,Credit Card
ORD-101383,2024-07-05,CUST-00322,East,Sports,Outdoor,TrailHike Backpack 60L,1,3417.84,0.25,2563.38,327.45,Cash on Delivery
ORD-101532,2024-07-05,CUST-00039,North,Beauty,Skincare,Vitamin C Serum,1,891.92,0.1,802.73,373.2,UPI
ORD-101606,2024-07-05,CUST-00380,West,Beauty,Skincare,HydraBoost Moisturizer,1,1141.24,0.2,912.99,317.48,Cash on Delivery
ORD-100939,2024-07-06,CUST-00112,West,Sports,Outdoor,TrailHike Backpack 60L,1,3559.52,0.15,3025.59,529.68,UPI
ORD-101465,2024-07-06,CUST-00418,West,Sports,Outdoor,TrailHike Backpack 60L,1,3513.71,0.0,3513.71,1298.94,UPI
ORD-101599,2024-07-06,CUST-00004,East,Beauty,Makeup,Matte Lipstick Set,1,965.94,0.05,917.64,484.25,Debit Card
ORD-101639,2024-07-06,CUST-00287,North,Sports,Fitness,Adjustable Dumbbell 24kg,2,9790.23,0.25,14685.34,1003.93,Debit Card
ORD-100300,2024-07-07,CUST-00518,South,Beauty,Skincare,HydraBoost Moisturizer,1,1181.98,0.1,1063.78,486.92,UPI
ORD-100393,2024-07-07,CUST-00150,South,Fashion,Women,Floral Summer Dress,2,1737.48,0.1,3127.46,845.74,Debit Card
ORD-100527,2024-07-07,CUST-00140,East,Fashion,Footwear,UrbanLoafers,1,3534.73,0.05,3357.99,1301.47,Credit Card
ORD-101392,2024-07-07,CUST-00471,North,Fashion,Footwear,UrbanLoafers,3,3398.41,0.0,10195.23,4183.7,Net Banking
ORD-101949,2024-07-07,CUST-00186,North,Electronics,Audio,BassBoom Speaker,1,9428.25,0.0,9428.25,1716.38,Net Banking
ORD-100050,2024-07-08,CUST-00496,North,Sports,Outdoor,AllWeather Tent 4P,2,11700.71,0.0,23401.42,8182.36,UPI
ORD-100674,2024-07-08,CUST-00021,North,Beauty,Skincare,HydraBoost Moisturizer,1,1191.05,0.1,1071.94,472.42,UPI
ORD-101447,2024-07-08,CUST-00399,South,Sports,Outdoor,TrailHike Backpack 60L,2,3399.5,0.1,6119.1,1457.56,Credit Card
ORD-100653,2024-07-09,CUST-00188,South,Fashion,Women,Floral Summer Dress,2,1741.79,0.0,3483.58,1588.09,Debit Card
ORD-100890,2024-07-09,CUST-00479,West,Beauty,Makeup,Matte Lipstick Set,1,970.85,0.0,970.85,515.39,Credit Card
ORD-101116,2024-07-09,CUST-00320,South,Electronics,Laptop,ThinkPro 14,1,53068.7,0.0,53068.7,8030.92,Net Banking
ORD-101432,2024-07-09,CUST-00497,East,Electronics,Mobile,Galaxy Nova X5,1,24626.68,0.1,22164.01,827.47,UPI
ORD-100233,2024-07-10,CUST-00457,South,Electronics,Mobile,iPhone Zeta,1,69971.89,0.15,59476.11,-111.91,UPI
ORD-100320,2024-07-10,CUST-00122,East,Sports,Outdoor,TrailHike Backpack 60L,1,3382.0,0.0,3382.0,1170.74,UPI
ORD-101435,2024-07-10,CUST-00510,West,Sports,Fitness,Adjustable Dumbbell 24kg,5,9590.68,0.05,45555.73,13047.91,UPI
ORD-101504,2024-07-10,CUST-00065,East,Fashion,Men,SlimFit Denim Jeans,2,2033.59,0.0,4067.18,1821.82,UPI
ORD-100713,2024-07-11,CUST-00074,West,Fashion,Footwear,UrbanLoafers,4,3422.74,0.0,13690.96,5542.28,Debit Card
ORD-100871,2024-07-11,CUST-00097,West,Fashion,Footwear,UrbanLoafers,1,3376.66,0.05,3207.83,1051.73,UPI
ORD-101908,2024-07-11,CUST-00379,West,Sports,Fitness,ProYoga Mat,2,1288.52,0.05,2448.19,802.91,UPI
ORD-100779,2024-07-12,CUST-00283,West,Sports,Outdoor,TrailHike Backpack 60L,1,3341.24,0.05,3174.18,993.84,UPI
ORD-101000,2024-07-12,CUST-00511,West,Electronics,Mobile,Pixel Aura 12,1,34335.94,0.0,34335.94,6354.52,Cash on Delivery
ORD-101157,2024-07-12,CUST-00257,South,Sports,Fitness,Adjustable Dumbbell 24kg,2,9582.31,0.0,19164.62,7725.64,UPI
ORD-100338,2024-07-13,CUST-00205,West,Electronics,Audio,SoundPods Pro,1,5196.12,0.05,4936.31,513.5,Credit Card
ORD-101224,2024-07-13,CUST-00229,South,Home & Kitchen,Furniture,ErgoComfort Chair,2,9060.88,0.1,16309.58,3045.89,UPI
ORD-100704,2024-07-14,CUST-00457,North,Home & Kitchen,Furniture,ErgoComfort Chair,1,9115.59,0.0,9115.59,3082.41,Cash on Delivery
ORD-100956,2024-07-14,CUST-00093,East,Beauty,Skincare,Vitamin C Serum,2,898.02,0.0,1796.04,1002.89,UPI
ORD-101796,2024-07-14,CUST-00457,South,Sports,Outdoor,AllWeather Tent 4P,4,11778.44,0.0,47113.76,17604.43,Credit Card
ORD-100107,2024-07-15,CUST-00141,South,Electronics,Audio,BassBoom Speaker,1,8827.0,0.0,8827.0,1907.46,Debit Card
ORD-100990,2024-07-15,CUST-00532,West,Sports,Fitness,ProYoga Mat,1,1236.75,0.0,1236.75,481.07,UPI
ORD-100303,2024-07-16,CUST-00085,South,Sports,Outdoor,AllWeather Tent 4P,1,12323.57,0.05,11707.39,3789.04,Credit Card
ORD-100759,2024-07-16,CUST-00549,South,Beauty,Skincare,Vitamin C Serum,5,897.55,0.4,2692.65,266.9,UPI
ORD-100761,2024-07-16,CUST-00203,South,Fashion,Men,Oxford Casual Shirt,2,1294.72,0.1,2330.5,768.41,Cash on Delivery
ORD-101184,2024-07-16,CUST-00161,South,Beauty,Skincare,HydraBoost Moisturizer,1,1251.12,0.1,1126.01,512.63,UPI
ORD-101562,2024-07-16,CUST-00430,North,Sports,Fitness,Adjustable Dumbbell 24kg,1,10104.03,0.15,8588.43,1866.4,Cash on Delivery
ORD-100409,2024-07-17,CUST-00025,East,Fashion,Footwear,UrbanLoafers,1,3496.38,0.1,3146.74,879.18,Debit Card
ORD-100334,2024-07-18,CUST-00414,West,Electronics,Audio,BassBoom Speaker,2,9073.63,0.1,16332.53,862.33,UPI
ORD-100629,2024-07-18,CUST-00011,South,Home & Kitchen,Furniture,Oakwood Study Desk,1,13251.81,0.0,13251.81,4637.85,Debit Card
ORD-100936,2024-07-18,CUST-00468,West,Fashion,Men,SlimFit Denim Jeans,2,1900.97,0.0,3801.94,1575.45,Debit Card
ORD-101944,2024-07-18,CUST-00407,South,Fashion,Footwear,RunFlex Sneakers,1,2982.16,0.05,2833.05,1101.96,Credit Card
ORD-101950,2024-07-19,CUST-00105,North,Beauty,Makeup,HD Foundation Kit,1,1431.51,0.05,1359.93,640.71,UPI
ORD-100029,2024-07-20,CUST-00072,East,Fashion,Women,Floral Summer Dress,2,1875.56,0.0,3751.12,1587.01,Debit Card
ORD-100931,2024-07-20,CUST-00471,East,Sports,Fitness,ProYoga Mat,1,1263.19,0.05,1200.03,365.73,Debit Card
ORD-101675,2024-07-20,CUST-00399,South,Sports,Outdoor,AllWeather Tent 4P,3,11994.45,0.0,35983.35,12864.84,Debit Card
ORD-101744,2024-07-20,CUST-00065,West,Electronics,Laptop,ThinkPro 14,1,53097.48,0.2,42477.98,-2390.32,UPI
ORD-101841,2024-07-20,CUST-00305,North,Sports,Fitness,ProYoga Mat,1,1261.07,0.0,1261.07,442.06,UPI
ORD-100056,2024-07-21,CUST-00558,North,Home & Kitchen,Furniture,Oakwood Study Desk,1,13466.45,0.0,13466.45,3981.95,UPI
ORD-101823,2024-07-21,CUST-00074,South,Home & Kitchen,Decor,Ceramic Vase Set,1,1549.64,0.1,1394.68,260.0,Credit Card
ORD-100694,2024-07-22,CUST-00292,East,Beauty,Makeup,Matte Lipstick Set,5,992.94,0.1,4468.23,1814.95,UPI
ORD-100884,2024-07-22,CUST-00420,North,Sports,Fitness,ProYoga Mat,1,1253.21,0.15,1065.23,201.15,UPI
ORD-101470,2024-07-22,CUST-00533,East,Beauty,Makeup,HD Foundation Kit,1,1536.72,0.0,1536.72,873.45,Debit Card
ORD-100740,2024-07-23,CUST-00067,North,Electronics,Laptop,AirBook Slim,1,81513.46,0.1,73362.11,2474.47,UPI
ORD-101064,2024-07-23,CUST-00214,South,Sports,Outdoor,TrailHike Backpack 60L,1,3332.28,0.0,3332.28,1323.51,UPI
ORD-101372,2024-07-23,CUST-00474,North,Electronics,Audio,SoundPods Pro,2,5157.44,0.0,10314.88,2099.24,Credit Card
ORD-101768,2024-07-23,CUST-00262,South,Fashion,Women,Knit Winter Sweater,1,2302.91,0.1,2072.62,597.35,UPI
ORD-100186,2024-07-24,CUST-00182,South,Home & Kitchen,Decor,LED Wall Lamp,1,1014.09,0.2,811.27,87.25,Credit Card
ORD-100333,2024-07-24,CUST-00071,East,Fashion,Footwear,RunFlex Sneakers,5,2931.8,0.0,14659.0,6038.84,UPI
ORD-101303,2024-07-24,CUST-00161,North,Beauty,Makeup,HD Foundation Kit,1,1462.09,0.05,1388.99,631.82,UPI
ORD-100277,2024-07-25,CUST-00420,East,Sports,Fitness,ProYoga Mat,1,1298.71,0.15,1103.9,238.69,Debit Card
ORD-100625,2024-07-25,CUST-00147,East,Home & Kitchen,Decor,LED Wall Lamp,1,980.05,0.1,882.04,168.68,Credit Card
ORD-101608,2024-07-25,CUST-00458,North,Sports,Fitness,ProYoga Mat,2,1299.68,0.1,2339.42,536.26,UPI
ORD-100297,2024-07-26,CUST-00454,North,Electronics,Laptop,AirBook Slim,1,80461.66,0.15,68392.41,3061.7,Debit Card
ORD-100465,2024-07-26,CUST-00033,South,Electronics,Laptop,ThinkPro 14,1,53228.37,0.1,47905.53,2629.0,UPI
ORD-100873,2024-07-26,CUST-00157,North,Home & Kitchen,Decor,LED Wall Lamp,2,1011.44,0.05,1921.74,508.8,Credit Card
ORD-101790,2024-07-26,CUST-00080,South,Home & Kitchen,Decor,LED Wall Lamp,2,956.1,0.15,1625.37,293.84,UPI
ORD-101918,2024-07-26,CUST-00528,North,Home & Kitchen,Appliances,ColdBrew Coffee Maker,4,6489.17,0.05,24658.85,7447.48,Net Banking
ORD-100143,2024-07-27,CUST-00483,South,Fashion,Footwear,RunFlex Sneakers,1,2882.01,0.25,2161.51,203.21,UPI
ORD-100754,2024-07-27,CUST-00027,South,Fashion,Women,Knit Winter Sweater,1,2110.95,0.05,2005.4,775.28,Credit Card
ORD-101217,2024-07-27,CUST-00408,West,Electronics,Audio,SoundPods Pro,1,5218.38,0.2,4174.7,-60.5,UPI
ORD-101520,2024-07-27,CUST-00126,North,Electronics,Audio,SoundPods Pro,1,5188.06,0.0,5188.06,1059.88,Credit Card
ORD-100639,2024-07-28,CUST-00244,North,Home & Kitchen,Furniture,ErgoComfort Chair,2,8602.97,0.1,15485.35,3173.91,UPI
ORD-100815,2024-07-28,CUST-00338,West,Beauty,Makeup,HD Foundation Kit,2,1487.22,0.0,2974.44,1564.68,UPI
ORD-101106,2024-07-28,CUST-00581,West,Electronics,Mobile,Galaxy Nova X5,1,24420.06,0.1,21978.05,1927.69,Credit Card
ORD-101125,2024-07-28,CUST-00426,South,Sports,Fitness,ProYoga Mat,1,1291.08,0.0,1291.08,489.24,Credit Card
ORD-100082,2024-07-29,CUST-00568,North,Fashion,Men,Oxford Casual Shirt,1,1317.12,0.0,1317.12,602.83,UPI
ORD-100480,2024-07-29,CUST-00036,South,Fashion,Men,SlimFit Denim Jeans,1,2097.71,0.0,2097.71,893.54,UPI
ORD-101102,2024-07-29,CUST-00346,West,Beauty,Makeup,Matte Lipstick Set,3,966.37,0.1,2609.2,1181.88,Credit Card
ORD-101192,2024-07-29,CUST-00226,South,Electronics,Laptop,ThinkPro 14,1,52998.03,0.05,50348.13,4871.93,Net Banking
ORD-100317,2024-07-30,CUST-00370,North,Fashion,Footwear,UrbanLoafers,4,3590.49,0.0,14361.96,5723.82,UPI
ORD-100624,2024-07-30,CUST-00211,East,Fashion,Women,Knit Winter Sweater,1,2117.45,0.4,1270.47,-59.11,UPI
ORD-101629,2024-07-30,CUST-00070,South,Sports,Fitness,Adjustable Dumbbell 24kg,5,9927.62,0.05,47156.19,13835.09,Net Banking
ORD-100145,2024-07-31,CUST-00501,West,Beauty,Makeup,Matte Lipstick Set,4,978.87,0.0,3915.48,2291.8,Debit Card
ORD-100757,2024-07-31,CUST-00503,North,Electronics,Mobile,Pixel Aura 12,4,31817.09,0.0,127268.36,20485.06,UPI
ORD-101805,2024-07-31,CUST-00394,East,Electronics,Laptop,AirBook Slim,1,80886.02,0.05,76841.72,9643.91,Debit Card
ORD-101893,2024-07-31,CUST-00448,North,Sports,Outdoor,TrailHike Backpack 60L,2,3641.71,0.1,6555.08,1552.77,Credit Card
ORD-100461,2024-08-01,CUST-00199,South,Fashion,Men,SlimFit Denim Jeans,2,2096.31,0.2,3354.1,639.3,Credit Card
ORD-100543,2024-08-01,CUST-00413,South,Electronics,Audio,BassBoom Speaker,1,8765.1,0.0,8765.1,1767.66,UPI
ORD-101575,2024-08-01,CUST-00431,East,Beauty,Makeup,Matte Lipstick Set,1,1042.61,0.15,886.22,350.88,UPI
ORD-101929,2024-08-01,CUST-00480,North,Electronics,Mobile,Pixel Aura 12,2,32731.9,0.25,49097.85,-7121.23,UPI
ORD-100407,2024-08-02,CUST-00112,South,Electronics,Laptop,ThinkPro 14,1,56069.39,0.0,56069.39,9080.63,Credit Card
ORD-100551,2024-08-02,CUST-00149,West,Sports,Outdoor,TrailHike Backpack 60L,1,3363.21,0.0,3363.21,1147.77,Net Banking
ORD-101082,2024-08-02,CUST-00099,East,Electronics,Audio,SoundPods Pro,1,5096.45,0.25,3822.34,-470.05,UPI
ORD-101486,2024-08-02,CUST-00325,North,Beauty,Makeup,Matte Lipstick Set,3,974.76,0.05,2778.07,1413.09,Credit Card
ORD-101602,2024-08-02,CUST-00315,North,Electronics,Audio,BassBoom Speaker,1,8820.22,0.05,8379.21,788.87,Net Banking
ORD-100587,2024-08-03,CUST-00326,East,Beauty,Makeup,Matte Lipstick Set,1,956.04,0.1,860.44,346.05,Debit Card
ORD-100709,2024-08-03,CUST-00002,South,Home & Kitchen,Decor,Ceramic Vase Set,1,1441.9,0.0,1441.9,443.98,UPI
ORD-101131,2024-08-03,CUST-00068,West,Electronics,Laptop,ThinkPro 14,4,55380.11,0.0,221520.44,38413.22,UPI
ORD-100549,2024-08-04,CUST-00266,West,Home & Kitchen,Decor,LED Wall Lamp,2,1029.75,0.05,1956.52,508.32,Debit Card
ORD-101813,2024-08-04,CUST-00359,South,Electronics,Laptop,AirBook Slim,2,80070.74,0.05,152134.41,15911.17,UPI
ORD-100778,2024-08-05,CUST-00515,South,Fashion,Women,Floral Summer Dress,1,1772.37,0.1,1595.13,437.81,UPI
ORD-101065,2024-08-05,CUST-00008,West,Fashion,Footwear,UrbanLoafers,1,3527.55,0.15,2998.42,710.47,UPI
ORD-101353,2024-08-05,CUST-00125,North,Fashion,Footwear,RunFlex Sneakers,1,3042.81,0.0,3042.81,1290.08,Net Banking
ORD-101776,2024-08-05,CUST-00422,West,Electronics,Laptop,ThinkPro 14,4,52499.75,0.05,199499.05,26389.11,UPI
ORD-101094,2024-08-06,CUST-00487,West,Beauty,Skincare,Vitamin C Serum,1,901.74,0.0,901.74,481.77,UPI
ORD-101212,2024-08-06,CUST-00355,East,Beauty,Skincare,Vitamin C Serum,2,911.3,0.05,1731.47,852.38,Debit Card
ORD-101786,2024-08-06,CUST-00089,South,Sports,Outdoor,TrailHike Backpack 60L,1,3391.4,0.4,2034.84,-243.78,Debit Card
ORD-100037,2024-08-07,CUST-00418,North,Home & Kitchen,Decor,Ceramic Vase Set,2,1474.39,0.0,2948.78,1065.81,UPI
ORD-100195,2024-08-07,CUST-00065,South,Fashion,Men,Oxford Casual Shirt,1,1348.76,0.15,1146.45,279.12,UPI
ORD-100851,2024-08-07,CUST-00069,North,Fashion,Footwear,RunFlex Sneakers,1,3093.13,0.0,3093.13,1356.91,UPI
ORD-100967,2024-08-07,CUST-00270,East,Electronics,Audio,BassBoom Speaker,1,9114.83,0.05,8659.09,1280.33,Credit Card
ORD-101288,2024-08-07,CUST-00586,North,Sports,Fitness,Adjustable Dumbbell 24kg,2,10258.93,0.25,15388.4,1955.75,Credit Card
ORD-101561,2024-08-07,CUST-00487,North,Fashion,Women,Floral Summer Dress,2,1871.17,0.15,3180.99,789.14,Credit Card
ORD-101829,2024-08-07,CUST-00261,West,Fashion,Footwear,RunFlex Sneakers,1,2958.1,0.1,2662.29,815.62,UPI
ORD-100764,2024-08-08,CUST-00381,North,Home & Kitchen,Appliances,ColdBrew Coffee Maker,1,6699.85,0.0,6699.85,2173.1,UPI
ORD-100995,2024-08-08,CUST-00318,South,Electronics,Audio,BassBoom Speaker,2,9203.96,0.25,13805.94,-1248.21,Debit Card
ORD-101214,2024-08-08,CUST-00518,North,Beauty,Makeup,HD Foundation Kit,3,1537.45,0.1,4151.12,1774.95,Debit Card
ORD-101564,2024-08-08,CUST-00381,West,Electronics,Laptop,AirBook Slim,1,80501.1,0.0,80501.1,15710.38,UPI
ORD-101843,2024-08-08,CUST-00587,East,Fashion,Men,SlimFit Denim Jeans,1,2016.01,0.15,1713.61,466.14,UPI
ORD-101971,2024-08-08,CUST-00235,West,Beauty,Skincare,Vitamin C Serum,4,891.7,0.15,3031.78,1078.42,Cash on Delivery
ORD-100322,2024-08-09,CUST-00483,North,Beauty,Skincare,Vitamin C Serum,2,905.5,0.0,1811.0,931.71,UPI
ORD-101402,2024-08-09,CUST-00385,East,Sports,Fitness,ProYoga Mat,2,1353.19,0.15,2300.42,473.43,Credit Card
ORD-101956,2024-08-09,CUST-00402,East,Fashion,Footwear,UrbanLoafers,1,3520.54,0.15,2992.46,825.89,Net Banking
ORD-101988,2024-08-09,CUST-00542,East,Fashion,Women,Knit Winter Sweater,3,2232.91,0.0,6698.73,2831.22,UPI
ORD-100212,2024-08-10,CUST-00103,South,Electronics,Audio,SoundPods Pro,1,5063.03,0.15,4303.58,-87.75,Credit Card
ORD-100636,2024-08-11,CUST-00512,East,Home & Kitchen,Furniture,ErgoComfort Chair,1,9141.15,0.0,9141.15,2854.57,UPI
ORD-100829,2024-08-11,CUST-00594,South,Home & Kitchen,Decor,Ceramic Vase Set,1,1425.38,0.0,1425.38,417.58,Credit Card
ORD-101181,2024-08-11,CUST-00038,East,Fashion,Women,Floral Summer Dress,1,1888.22,0.05,1793.81,588.92,Cash on Delivery
ORD-101218,2024-08-11,CUST-00349,North,Beauty,Skincare,Vitamin C Serum,1,860.58,0.1,774.52,364.2,Cash on Delivery
ORD-101390,2024-08-11,CUST-00584,North,Sports,Outdoor,AllWeather Tent 4P,1,11688.99,0.1,10520.09,2770.13,Credit Card
ORD-100853,2024-08-12,CUST-00295,South,Home & Kitchen,Furniture,ErgoComfort Chair,2,9116.01,0.05,17320.42,4855.39,UPI
ORD-100989,2024-08-12,CUST-00232,North,Home & Kitchen,Furniture,ErgoComfort Chair,3,8688.55,0.0,26065.65,9629.02,UPI
ORD-100711,2024-08-13,CUST-00209,East,Electronics,Laptop,ThinkPro 14,2,53656.95,0.0,107313.9,15158.2,Net Banking
ORD-101226,2024-08-13,CUST-00371,West,Sports,Outdoor,TrailHike Backpack 60L,2,3399.6,0.0,6799.2,2617.23,UPI
ORD-101482,2024-08-13,CUST-00187,South,Beauty,Makeup,Matte Lipstick Set,1,963.25,0.0,963.25,529.19,UPI
ORD-101678,2024-08-13,CUST-00080,East,Home & Kitchen,Decor,LED Wall Lamp,1,976.87,0.05,928.03,239.62,UPI
ORD-101939,2024-08-13,CUST-00091,West,Beauty,Makeup,HD Foundation Kit,4,1539.34,0.4,3694.42,435.0,Net Banking
ORD-101996,2024-08-13,CUST-00234,North,Beauty,Makeup,HD Foundation Kit,4,1506.68,0.0,6026.72,3449.41,UPI
ORD-101393,2024-08-14,CUST-00098,East,Beauty,Makeup,Matte Lipstick Set,2,1015.13,0.1,1827.23,805.47,UPI
ORD-101456,2024-08-14,CUST-00264,West,Home & Kitchen,Decor,LED Wall Lamp,1,1024.35,0.3,717.04,10.74,UPI
ORD-100231,2024-08-15,CUST-00411,East,Electronics,Laptop,AirBook Slim,2,75797.37,0.1,136435.27,4523.18,UPI
ORD-100641,2024-08-15,CUST-00391,West,Home & Kitchen,Decor,Ceramic Vase Set,1,1561.61,0.0,1561.61,576.34,Credit Card
ORD-100665,2024-08-15,CUST-00010,South,Fashion,Women,Knit Winter Sweater,1,2238.43,0.05,2126.51,821.31,Credit Card
ORD-101269,2024-08-15,CUST-00452,West,Home & Kitchen,Decor,LED Wall Lamp,1,1020.65,0.1,918.59,171.34,Credit Card
ORD-101590,2024-08-15,CUST-00296,West,Sports,Outdoor,AllWeather Tent 4P,1,11469.32,0.0,11469.32,4026.14,Debit Card
ORD-101642,2024-08-15,CUST-00049,West,Beauty,Skincare,Vitamin C Serum,1,922.2,0.0,922.2,483.62,UPI
ORD-101667,2024-08-15,CUST-00006,North,Beauty,Skincare,Vitamin C Serum,1,909.71,0.0,909.71,473.74,Credit Card
ORD-101861,2024-08-15,CUST-00388,East,Home & Kitchen,Decor,Ceramic Vase Set,1,1436.49,0.1,1292.84,315.09,UPI
ORD-101919,2024-08-15,CUST-00072,East,Home & Kitchen,Furniture,Oakwood Study Desk,4,12971.69,0.05,49292.42,12975.73,Debit Card
ORD-100285,2024-08-16,CUST-00388,West,Beauty,Makeup,HD Foundation Kit,3,1497.75,0.0,4493.25,2378.15,UPI
ORD-100663,2024-08-16,CUST-00298,South,Fashion,Footwear,RunFlex Sneakers,2,3064.21,0.05,5822.0,2220.4,Credit Card
ORD-101524,2024-08-16,CUST-00335,East,Sports,Fitness,Adjustable Dumbbell 24kg,1,9887.81,0.05,9393.42,3060.33,UPI
ORD-101703,2024-08-16,CUST-00255,North,Fashion,Women,Floral Summer Dress,2,1782.42,0.05,3386.6,1097.21,Net Banking
ORD-100222,2024-08-17,CUST-00427,East,Home & Kitchen,Decor,Ceramic Vase Set,1,1429.35,0.3,1000.54,9.25,Credit Card
ORD-100529,2024-08-17,CUST-00024,West,Home & Kitchen,Furniture,ErgoComfort Chair,3,8922.06,0.0,26766.18,8151.67,Cash on Delivery
ORD-100595,2024-08-17,CUST-00431,South,Electronics,Laptop,AirBook Slim,3,76010.61,0.05,216630.24,26854.27,Credit Card
ORD-100717,2024-08-17,CUST-00438,West,Beauty,Skincare,Vitamin C Serum,3,880.73,0.0,2642.19,1455.64,UPI
ORD-100835,2024-08-17,CUST-00589,East,Beauty,Makeup,Matte Lipstick Set,1,1014.69,0.1,913.22,371.69,Credit Card
ORD-101307,2024-08-17,CUST-00204,North,Fashion,Footwear,RunFlex Sneakers,1,2925.68,0.0,2925.68,1254.26,Credit Card
ORD-101837,2024-08-17,CUST-00218,North,Sports,Fitness,ProYoga Mat,2,1324.7,0.2,2119.52,304.08,Credit Card
ORD-100473,2024-08-18,CUST-00274,West,Fashion,Women,Floral Summer Dress,1,1841.7,0.1,1657.53,539.0,Debit Card
ORD-101434,2024-08-18,CUST-00434,West,Sports,Fitness,ProYoga Mat,4,1256.69,0.1,4524.08,1121.91,Credit Card
ORD-101676,2024-08-18,CUST-00141,East,Beauty,Makeup,HD Foundation Kit,2,1448.86,0.4,1738.63,208.52,UPI
ORD-100514,2024-08-19,CUST-00095,West,Fashion,Women,Floral Summer Dress,3,1760.75,0.1,4754.03,1277.9,UPI
ORD-101185,2024-08-19,CUST-00033,South,Fashion,Footwear,RunFlex Sneakers,2,2911.75,0.0,5823.5,2274.72,Credit Card
ORD-101209,2024-08-19,CUST-00417,North,Beauty,Skincare,Vitamin C Serum,1,915.07,0.0,915.07,502.75,Credit Card
ORD-101732,2024-08-19,CUST-00482,North,Electronics,Audio,BassBoom Speaker,1,9267.82,0.4,5560.69,-1480.37,UPI
ORD-100830,2024-08-20,CUST-00151,North,Electronics,Laptop,AirBook Slim,4,77087.28,0.05,292931.66,42603.65,Credit Card
ORD-101501,2024-08-20,CUST-00570,East,Beauty,Skincare,Vitamin C Serum,1,892.9,0.1,803.61,370.31,Cash on Delivery
ORD-101677,2024-08-20,CUST-00346,North,Sports,Fitness,Adjustable Dumbbell 24kg,2,10014.72,0.0,20029.44,7986.05,Credit Card
ORD-101782,2024-08-20,CUST-00451,West,Beauty,Skincare,HydraBoost Moisturizer,1,1243.48,0.1,1119.13,484.01,UPI
ORD-101804,2024-08-20,CUST-00308,East,Beauty,Skincare,Vitamin C Serum,1,883.85,0.2,707.08,218.82,UPI
ORD-101886,2024-08-20,CUST-00353,East,Beauty,Makeup,HD Foundation Kit,5,1533.04,0.05,7281.94,3632.59,Net Banking
ORD-100831,2024-08-21,CUST-00266,East,Beauty,Skincare,Vitamin C Serum,1,915.58,0.0,915.58,529.98,UPI
ORD-101865,2024-08-21,CUST-00105,South,Beauty,Makeup,Matte Lipstick Set,1,1021.61,0.0,1021.61,566.32,Debit Card
ORD-100699,2024-08-22,CUST-00411,East,Fashion,Women,Floral Summer Dress,2,1741.65,0.05,3309.14,1329.96,Credit Card
ORD-100858,2024-08-22,CUST-00166,North,Home & Kitchen,Appliances,AirFryer Deluxe,2,7888.69,0.05,14988.51,3722.77,Credit Card
ORD-101301,2024-08-22,CUST-00049,North,Electronics,Laptop,ThinkPro 14,1,52482.52,0.0,52482.52,9249.36,Credit Card
ORD-101821,2024-08-22,CUST-00548,North,Electronics,Audio,BassBoom Speaker,5,8734.55,0.0,43672.75,6408.74,UPI
ORD-100838,2024-08-23,CUST-00129,North,Home & Kitchen,Furniture,ErgoComfort Chair,2,8875.08,0.0,17750.16,5835.05,Debit Card
ORD-101068,2024-08-23,CUST-00259,South,Fashion,Men,Oxford Casual Shirt,3,1349.23,0.1,3642.92,1203.73,UPI
ORD-101248,2024-08-23,CUST-00556,West,Sports,Fitness,Adjustable Dumbbell 24kg,1,10040.85,0.1,9036.77,2599.59,Cash on Delivery
ORD-100505,2024-08-24,CUST-00138,North,Home & Kitchen,Decor,LED Wall Lamp,5,963.77,0.05,4577.91,1230.87,Credit Card
ORD-101294,2024-08-24,CUST-00285,South,Home & Kitchen,Furniture,Oakwood Study Desk,1,13558.2,0.4,8134.92,-1108.0,UPI
ORD-101579,2024-08-24,CUST-00571,South,Fashion,Women,Knit Winter Sweater,5,2199.04,0.25,8246.4,940.41,UPI
ORD-101707,2024-08-24,CUST-00391,South,Home & Kitchen,Appliances,ColdBrew Coffee Maker,5,6414.15,0.0,32070.75,11709.85,UPI
ORD-101795,2024-08-24,CUST-00524,East,Sports,Fitness,ProYoga Mat,1,1262.56,0.1,1136.3,326.51,UPI
ORD-101936,2024-08-24,CUST-00286,North,Beauty,Skincare,Vitamin C Serum,3,928.12,0.05,2645.14,1401.59,Credit Card
ORD-100071,2024-08-25,CUST-00261,South,Beauty,Skincare,Vitamin C Serum,1,888.44,0.1,799.6,359.54,Credit Card
ORD-100358,2024-08-26,CUST-00016,North,Fashion,Women,Floral Summer Dress,1,1713.03,0.3,1199.12,135.24,UPI
ORD-100765,2024-08-26,CUST-00395,South,Fashion,Women,Floral Summer Dress,1,1838.0,0.1,1654.2,466.65,UPI
ORD-101636,2024-08-26,CUST-00180,South,Electronics,Laptop,ThinkPro 14,2,52876.15,0.1,95177.07,4421.58,Credit Card
ORD-101690,2024-08-26,CUST-00469,North,Beauty,Skincare,Vitamin C Serum,2,902.28,0.1,1624.1,662.27,UPI
ORD-100209,2024-08-27,CUST-00094,South,Electronics,Audio,BassBoom Speaker,1,9362.38,0.05,8894.26,851.55,UPI
ORD-100569,2024-08-27,CUST-00292,East,Sports,Outdoor,TrailHike Backpack 60L,3,3521.95,0.4,6339.51,-307.17,Credit Card
ORD-101803,2024-08-27,CUST-00403,East,Electronics,Laptop,AirBook Slim,1,76314.35,0.15,64867.2,2614.21,Credit Card
ORD-100311,2024-08-28,CUST-00072,South,Home & Kitchen,Appliances,AirFryer Deluxe,1,8063.47,0.0,8063.47,2952.22,Credit Card
ORD-100991,2024-08-28,CUST-00366,North,Beauty,Makeup,HD Foundation Kit,2,1571.24,0.15,2671.11,1073.18,UPI
ORD-101061,2024-08-28,CUST-00369,North,Electronics,Audio,SoundPods Pro,2,4997.34,0.15,8495.48,353.89,UPI
ORD-101433,2024-08-28,CUST-00155,East,Fashion,Women,Floral Summer Dress,2,1772.42,0.3,2481.39,264.17,UPI
ORD-101935,2024-08-28,CUST-00455,South,Sports,Fitness,ProYoga Mat,1,1327.89,0.0,1327.89,514.09,Credit Card
ORD-100362,2024-08-29,CUST-00333,East,Beauty,Skincare,HydraBoost Moisturizer,1,1182.27,0.0,1182.27,607.88,Cash on Delivery
ORD-100525,2024-08-29,CUST-00165,West,Electronics,Audio,SoundPods Pro,3,5203.85,0.05,14830.97,1689.81,UPI
ORD-101260,2024-08-29,CUST-00039,West,Beauty,Skincare,Vitamin C Serum,4,868.87,0.1,3127.93,1285.37,UPI
ORD-101276,2024-08-29,CUST-00148,East,Fashion,Footwear,RunFlex Sneakers,2,3135.56,0.2,5016.9,1046.65,Credit Card
ORD-101523,2024-08-29,CUST-00302,North,Sports,Fitness,Adjustable Dumbbell 24kg,4,9683.27,0.15,32923.12,7766.85,UPI
ORD-100202,2024-08-30,CUST-00360,West,Electronics,Audio,SoundPods Pro,1,4973.87,0.4,2984.32,-871.76,Credit Card
ORD-101182,2024-08-30,CUST-00096,North,Home & Kitchen,Furniture,ErgoComfort Chair,1,9078.75,0.0,9078.75,2959.55,UPI
ORD-100440,2024-08-31,CUST-00172,West,Sports,Outdoor,TrailHike Backpack 60L,1,3493.72,0.15,2969.66,687.33,UPI
ORD-100521,2024-08-31,CUST-00321,North,Fashion,Men,SlimFit Denim Jeans,1,2088.89,0.2,1671.11,375.21,Net Banking
ORD-100966,2024-08-31,CUST-00331,West,Fashion,Footwear,RunFlex Sneakers,2,3038.55,0.15,5165.53,1400.04,UPI
ORD-100042,2024-09-01,CUST-00118,West,Electronics,Laptop,ThinkPro 14,2,55833.64,0.15,94917.19,2642.37,UPI
ORD-100367,2024-09-01,CUST-00065,East,Sports,Outdoor,AllWeather Tent 4P,1,12330.07,0.05,11713.57,3783.21,Net Banking
ORD-100518,2024-09-01,CUST-00197,East,Home & Kitchen,Furniture,Oakwood Study Desk,3,12722.18,0.0,38166.54,11558.61,UPI
ORD-100981,2024-09-01,CUST-00432,East,Sports,Outdoor,TrailHike Backpack 60L,2,3601.73,0.1,6483.11,1953.53,UPI
ORD-101953,2024-09-01,CUST-00296,West,Fashion,Women,Floral Summer Dress,4,1785.23,0.1,6426.83,1836.56,Credit Card
ORD-100010,2024-09-02,CUST-00581,West,Home & Kitchen,Furniture,Oakwood Study Desk,2,12494.47,0.05,23739.49,6208.79,Debit Card
ORD-100356,2024-09-02,CUST-00279,North,Sports,Outdoor,AllWeather Tent 4P,1,12174.17,0.15,10348.04,2419.1,UPI
ORD-100777,2024-09-03,CUST-00472,North,Fashion,Men,Oxford Casual Shirt,1,1357.65,0.1,1221.89,380.23,Credit Card
ORD-100837,2024-09-03,CUST-00420,East,Home & Kitchen,Furniture,ErgoComfort Chair,1,8874.78,0.15,7543.56,1161.45,UPI
ORD-100876,2024-09-03,CUST-00387,South,Home & Kitchen,Furniture,Oakwood Study Desk,1,12902.03,0.15,10966.73,1702.42,Debit Card
ORD-101397,2024-09-03,CUST-00184,North,Fashion,Men,SlimFit Denim Jeans,2,1983.71,0.1,3570.68,994.07,Cash on Delivery
ORD-101731,2024-09-03,CUST-00123,South,Sports,Outdoor,TrailHike Backpack 60L,1,3517.74,0.1,3165.97,854.4,Debit Card
ORD-100115,2024-09-04,CUST-00299,North,Fashion,Women,Floral Summer Dress,1,1851.87,0.05,1759.28,631.7,Net Banking
ORD-101015,2024-09-04,CUST-00380,East,Electronics,Laptop,AirBook Slim,1,81630.42,0.0,81630.42,12632.98,Debit Card
ORD-101377,2024-09-04,CUST-00156,North,Electronics,Laptop,AirBook Slim,1,81295.25,0.2,65036.2,-3980.51,Debit Card
ORD-100774,2024-09-05,CUST-00211,East,Sports,Outdoor,AllWeather Tent 4P,3,11509.2,0.05,32801.22,11276.93,UPI
ORD-101594,2024-09-05,CUST-00470,North,Electronics,Mobile,Galaxy Nova X5,1,23887.5,0.0,23887.5,4159.24,UPI
ORD-101972,2024-09-05,CUST-00376,North,Beauty,Skincare,HydraBoost Moisturizer,1,1149.9,0.2,919.92,279.05,UPI
ORD-101355,2024-09-06,CUST-00088,South,Beauty,Makeup,HD Foundation Kit,1,1546.64,0.1,1391.98,570.92,UPI
ORD-100821,2024-09-07,CUST-00274,North,Home & Kitchen,Appliances,AirFryer Deluxe,1,7884.58,0.15,6701.89,1278.1,Debit Card
ORD-100933,2024-09-07,CUST-00468,North,Beauty,Skincare,Vitamin C Serum,1,876.05,0.1,788.44,361.72,Cash on Delivery
ORD-101394,2024-09-07,CUST-00554,West,Electronics,Mobile,iPhone Zeta,3,71001.04,0.1,191702.81,18477.8,UPI
ORD-101440,2024-09-07,CUST-00118,West,Fashion,Footwear,UrbanLoafers,1,3611.34,0.05,3430.77,1276.02,UPI
ORD-101647,2024-09-07,CUST-00042,North,Beauty,Skincare,Vitamin C Serum,1,940.09,0.0,940.09,498.04,Cash on Delivery
ORD-101761,2024-09-07,CUST-00196,West,Beauty,Skincare,HydraBoost Moisturizer,1,1207.29,0.0,1207.29,615.95,Debit Card
ORD-100224,2024-09-08,CUST-00420,East,Home & Kitchen,Furniture,ErgoComfort Chair,1,9056.42,0.0,9056.42,2846.55,Credit Card
ORD-101197,2024-09-08,CUST-00350,South,Fashion,Men,Oxford Casual Shirt,1,1274.85,0.15,1083.62,265.5,Credit Card
ORD-101543,2024-09-08,CUST-00504,North,Fashion,Footwear,RunFlex Sneakers,1,3074.57,0.05,2920.84,1140.34,UPI
ORD-101746,2024-09-08,CUST-00315,North,Home & Kitchen,Decor,Ceramic Vase Set,1,1433.32,0.05,1361.65,330.63,UPI
ORD-100019,2024-09-09,CUST-00041,East,Beauty,Skincare,Vitamin C Serum,5,870.76,0.0,4353.8,2427.69,UPI
ORD-100467,2024-09-09,CUST-00445,West,Fashion,Men,Oxford Casual Shirt,3,1363.39,0.05,3885.66,1437.02,UPI
ORD-100648,2024-09-09,CUST-00036,East,Home & Kitchen,Appliances,ColdBrew Coffee Maker,1,6621.5,0.05,6290.42,1813.0,Net Banking
ORD-101649,2024-09-09,CUST-00168,North,Fashion,Women,Knit Winter Sweater,2,2131.63,0.0,4263.26,1884.62,UPI
ORD-101711,2024-09-09,CUST-00205,West,Home & Kitchen,Decor,Ceramic Vase Set,1,1502.78,0.0,1502.78,441.68,Debit Card
ORD-100012,2024-09-10,CUST-00347,West,Fashion,Footwear,RunFlex Sneakers,2,3050.49,0.05,5795.93,2042.33,Credit Card
ORD-100597,2024-09-10,CUST-00245,West,Home & Kitchen,Furniture,Oakwood Study Desk,1,12380.28,0.05,11761.27,3484.6,Debit Card
ORD-100698,2024-09-10,CUST-00440,North,Home & Kitchen,Decor,Ceramic Vase Set,2,1446.91,0.0,2893.82,957.56,Debit Card
ORD-100360,2024-09-11,CUST-00454,North,Electronics,Audio,BassBoom Speaker,1,8774.1,0.2,7019.28,-417.46,Cash on Delivery
ORD-101135,2024-09-11,CUST-00157,West,Electronics,Audio,BassBoom Speaker,3,9290.63,0.0,27871.89,5139.61,UPI
ORD-101170,2024-09-11,CUST-00042,East,Sports,Outdoor,AllWeather Tent 4P,1,12107.88,0.0,12107.88,4840.04,Credit Card
ORD-101318,2024-09-11,CUST-00291,South,Fashion,Footwear,RunFlex Sneakers,1,3086.01,0.15,2623.11,633.17,UPI
ORD-101323,2024-09-11,CUST-00168,North,Beauty,Makeup,Matte Lipstick Set,1,955.38,0.1,859.84,360.27,Debit Card
ORD-101725,2024-09-11,CUST-00560,South,Electronics,Audio,SoundPods Pro,4,5107.39,0.15,17365.13,-121.3,Credit Card
ORD-100596,2024-09-12,CUST-00338,North,Beauty,Makeup,HD Foundation Kit,1,1436.31,0.0,1436.31,798.22,Debit Card
ORD-101053,2024-09-12,CUST-00482,East,Fashion,Men,Oxford Casual Shirt,3,1352.44,0.1,3651.59,1174.53,Debit Card
ORD-100130,2024-09-13,CUST-00565,West,Electronics,Audio,SoundPods Pro,1,5216.33,0.0,5216.33,824.38,Credit Card
ORD-100335,2024-09-13,CUST-00387,South,Beauty,Skincare,HydraBoost Moisturizer,1,1206.03,0.05,1145.73,564.56,UPI
ORD-100345,2024-09-13,CUST-00582,South,Fashion,Women,Knit Winter Sweater,1,2227.73,0.2,1782.18,343.46,Credit Card
ORD-101589,2024-09-13,CUST-00280,South,Electronics,Mobile,Pixel Aura 12,1,32265.54,0.15,27425.71,10.68,UPI
ORD-101995,2024-09-13,CUST-00387,North,Fashion,Men,Oxford Casual Shirt,5,1260.97,0.15,5359.12,1507.77,UPI
ORD-100813,2024-09-14,CUST-00367,North,Beauty,Makeup,Matte Lipstick Set,1,1009.14,0.0,1009.14,541.38,Cash on Delivery
ORD-101122,2024-09-14,CUST-00418,East,Sports,Outdoor,AllWeather Tent 4P,5,11823.74,0.25,44339.02,4475.64,Debit Card
ORD-101203,2024-09-14,CUST-00042,South,Electronics,Mobile,Pixel Aura 12,2,33732.4,0.0,67464.8,14005.91,UPI
ORD-101298,2024-09-14,CUST-00003,West,Sports,Outdoor,AllWeather Tent 4P,1,12533.88,0.2,10027.1,1304.55,UPI
ORD-101337,2024-09-14,CUST-00530,North,Home & Kitchen,Appliances,AirFryer Deluxe,1,7740.53,0.0,7740.53,2683.88,UPI
ORD-101481,2024-09-14,CUST-00183,East,Sports,Outdoor,TrailHike Backpack 60L,3,3533.38,0.25,7950.1,641.59,Credit Card
ORD-101654,2024-09-14,CUST-00146,South,Sports,Fitness,Adjustable Dumbbell 24kg,3,9817.52,0.0,29452.56,11587.3,Net Banking
ORD-100809,2024-09-15,CUST-00293,East,Beauty,Skincare,Vitamin C Serum,1,888.0,0.1,799.2,378.91,UPI
ORD-100865,2024-09-15,CUST-00346,West,Fashion,Women,Floral Summer Dress,1,1859.82,0.05,1766.83,643.78,Debit Card
ORD-101515,2024-09-15,CUST-00107,South,Sports,Fitness,Adjustable Dumbbell 24kg,1,10400.69,0.1,9360.62,2119.68,UPI
ORD-100880,2024-09-16,CUST-00059,North,Home & Kitchen,Appliances,AirFryer Deluxe,2,7818.98,0.0,15637.96,5133.92,Credit Card
ORD-101278,2024-09-16,CUST-00511,East,Sports,Outdoor,AllWeather Tent 4P,1,11746.83,0.15,9984.81,2424.83,UPI
ORD-101351,2024-09-16,CUST-00038,South,Beauty,Skincare,HydraBoost Moisturizer,5,1208.45,0.05,5740.14,2658.42,UPI
ORD-101907,2024-09-16,CUST-00293,North,Fashion,Footwear,UrbanLoafers,1,3354.07,0.15,2850.96,638.75,UPI
ORD-101103,2024-09-17,CUST-00259,South,Fashion,Footwear,UrbanLoafers,1,3574.94,0.05,3396.19,1348.62,UPI
ORD-100095,2024-09-18,CUST-00123,West,Beauty,Makeup,Matte Lipstick Set,1,954.52,0.4,572.71,38.0,Debit Card
ORD-101414,2024-09-18,CUST-00421,West,Beauty,Makeup,Matte Lipstick Set,1,965.93,0.0,965.93,503.03,UPI
ORD-101511,2024-09-18,CUST-00585,South,Electronics,Laptop,AirBook Slim,1,79419.64,0.1,71477.68,5190.93,Credit Card
ORD-100533,2024-09-19,CUST-00571,North,Fashion,Footwear,UrbanLoafers,4,3563.48,0.05,13541.22,4863.37,UPI
ORD-101828,2024-09-19,CUST-00215,East,Electronics,Laptop,AirBook Slim,1,82639.91,0.0,82639.91,16456.32,Net Banking
ORD-100151,2024-09-20,CUST-00015,North,Beauty,Makeup,Matte Lipstick Set,3,968.31,0.05,2759.68,1273.62,Credit Card
ORD-100253,2024-09-21,CUST-00069,South,Fashion,Men,SlimFit Denim Jeans,3,1983.68,0.0,5951.04,2731.9,Cash on Delivery
ORD-100567,2024-09-21,CUST-00312,North,Beauty,Makeup,Matte Lipstick Set,1,1001.13,0.1,901.02,410.47,UPI
ORD-101154,2024-09-21,CUST-00300,North,Electronics,Audio,BassBoom Speaker,1,9400.88,0.1,8460.79,225.52,Debit Card
ORD-101322,2024-09-21,CUST-00155,North,Fashion,Men,SlimFit Denim Jeans,1,2038.32,0.05,1936.4,659.8,Credit Card
ORD-101457,2024-09-21,CUST-00462,North,Electronics,Laptop,ThinkPro 14,1,55488.98,0.25,41616.74,-3631.54,Debit Card
ORD-101596,2024-09-21,CUST-00048,South,Fashion,Men,Oxford Casual Shirt,4,1235.55,0.15,4200.87,1118.84,UPI
ORD-100342,2024-09-22,CUST-00270,North,Sports,Fitness,Adjustable Dumbbell 24kg,1,10173.09,0.0,10173.09,3767.65,UPI
ORD-100408,2024-09-22,CUST-00363,South,Beauty,Skincare,HydraBoost Moisturizer,2,1233.55,0.1,2220.39,1002.6,Debit Card
ORD-100743,2024-09-22,CUST-00056,South,Electronics,Mobile,Galaxy Nova X5,1,25933.4,0.0,25933.4,4567.23,UPI
ORD-100947,2024-09-22,CUST-00024,South,Home & Kitchen,Decor,LED Wall Lamp,2,981.14,0.0,1962.28,604.8,UPI
ORD-101311,2024-09-22,CUST-00559,North,Electronics,Audio,BassBoom Speaker,3,8703.41,0.1,23499.21,754.84,UPI
ORD-101556,2024-09-22,CUST-00465,West,Electronics,Laptop,ThinkPro 14,1,52987.8,0.0,52987.8,11052.05,UPI
ORD-101965,2024-09-22,CUST-00442,North,Beauty,Makeup,HD Foundation Kit,1,1531.22,0.0,1531.22,823.81,Cash on Delivery
ORD-100314,2024-09-23,CUST-00553,North,Fashion,Footwear,RunFlex Sneakers,3,2891.04,0.2,6938.5,1339.75,Net Banking
ORD-100530,2024-09-23,CUST-00377,South,Beauty,Skincare,Vitamin C Serum,5,917.09,0.0,4585.45,2400.49,Credit Card
ORD-101114,2024-09-23,CUST-00173,North,Home & Kitchen,Decor,Ceramic Vase Set,1,1560.34,0.15,1326.29,165.33,UPI
ORD-101313,2024-09-23,CUST-00142,West,Electronics,Audio,BassBoom Speaker,4,9282.76,0.05,35274.49,5312.76,Net Banking
ORD-101476,2024-09-23,CUST-00188,East,Home & Kitchen,Appliances,ColdBrew Coffee Maker,2,6714.57,0.3,9400.4,-158.84,Credit Card
ORD-101483,2024-09-23,CUST-00392,East,Fashion,Men,Oxford Casual Shirt,3,1248.73,0.0,3746.19,1476.34,Credit Card
ORD-101200,2024-09-24,CUST-00265,South,Beauty,Skincare,Vitamin C Serum,1,858.27,0.0,858.27,446.12,Debit Card
ORD-101348,2024-09-24,CUST-00055,West,Home & Kitchen,Appliances,AirFryer Deluxe,3,7736.83,0.05,22049.97,5574.85,Cash on Delivery
ORD-101715,2024-09-24,CUST-00411,West,Fashion,Women,Floral Summer Dress,1,1887.75,0.25,1415.81,179.45,UPI
ORD-101369,2024-09-25,CUST-00247,West,Beauty,Makeup,HD Foundation Kit,1,1502.02,0.0,1502.02,879.62,UPI
ORD-101437,2024-09-25,CUST-00265,East,Fashion,Footwear,RunFlex Sneakers,2,2996.9,0.3,4195.66,413.27,Net Banking
ORD-101738,2024-09-25,CUST-00205,North,Beauty,Skincare,Vitamin C Serum,5,920.65,0.0,4603.25,2583.01,UPI
ORD-100318,2024-09-26,CUST-00584,West,Sports,Outdoor,AllWeather Tent 4P,3,12177.21,0.0,36531.63,12722.43,Credit Card
ORD-101236,2024-09-26,CUST-00537,West,Electronics,Audio,BassBoom Speaker,2,9379.5,0.2,15007.2,-242.41,Credit Card
ORD-100323,2024-09-27,CUST-00351,North,Sports,Fitness,ProYoga Mat,3,1337.27,0.1,3610.63,1049.38,Credit Card
ORD-100571,2024-09-27,CUST-00434,South,Sports,Fitness,ProYoga Mat,1,1295.92,0.2,1036.74,151.05,Credit Card
ORD-101749,2024-09-27,CUST-00573,South,Beauty,Skincare,HydraBoost Moisturizer,1,1205.44,0.2,964.35,285.05,Credit Card
ORD-100020,2024-09-28,CUST-00308,East,Beauty,Skincare,HydraBoost Moisturizer,2,1176.98,0.1,2118.56,881.03,UPI
ORD-100247,2024-09-28,CUST-00305,South,Beauty,Makeup,Matte Lipstick Set,1,1046.39,0.05,994.07,482.36,Net Banking
ORD-100249,2024-09-28,CUST-00558,South,Fashion,Men,Oxford Casual Shirt,5,1249.05,0.05,5932.99,2285.92,Net Banking
ORD-100531,2024-09-29,CUST-00507,West,Fashion,Footwear,RunFlex Sneakers,1,3080.98,0.1,2772.88,940.74,Credit Card
ORD-100695,2024-09-29,CUST-00501,West,Electronics,Mobile,Pixel Aura 12,1,31453.35,0.05,29880.68,4057.69,Cash on Delivery
ORD-100780,2024-09-29,CUST-00545,North,Beauty,Makeup,HD Foundation Kit,1,1461.37,0.0,1461.37,758.29,Net Banking
ORD-101054,2024-09-29,CUST-00399,South,Electronics,Laptop,ThinkPro 14,1,54018.12,0.0,54018.12,9849.6,Net Banking
ORD-101320,2024-09-29,CUST-00320,West,Beauty,Makeup,HD Foundation Kit,3,1506.02,0.05,4292.16,2189.55,Credit Card
ORD-101423,2024-09-29,CUST-00126,East,Electronics,Mobile,Galaxy Nova X5,1,24090.81,0.4,14454.49,-4199.96,Cash on Delivery
ORD-101661,2024-09-29,CUST-00129,North,Beauty,Skincare,Vitamin C Serum,5,893.36,0.05,4243.46,2189.62,Debit Card
ORD-100091,2024-09-30,CUST-00280,East,Beauty,Skincare,HydraBoost Moisturizer,3,1237.18,0.3,2598.08,556.21,UPI
ORD-101346,2024-09-30,CUST-00235,East,Fashion,Men,Oxford Casual Shirt,1,1238.36,0.1,1114.52,349.64,UPI
ORD-100166,2024-10-01,CUST-00041,East,Home & Kitchen,Furniture,ErgoComfort Chair,2,9311.39,0.25,13967.08,138.23,UPI
ORD-100781,2024-10-01,CUST-00176,North,Electronics,Laptop,ThinkPro 14,3,54474.09,0.1,147080.04,8299.85,Debit Card
ORD-101254,2024-10-01,CUST-00537,East,Sports,Fitness,ProYoga Mat,2,1350.93,0.0,2701.86,956.65,Net Banking
ORD-101652,2024-10-01,CUST-00580,West,Sports,Fitness,ProYoga Mat,1,1282.33,0.05,1218.21,359.74,UPI
ORD-100219,2024-10-02,CUST-00121,North,Electronics,Mobile,Pixel Aura 12,4,33932.83,0.1,122158.19,10097.75,UPI
ORD-100250,2024-10-02,CUST-00155,South,Sports,Fitness,Adjustable Dumbbell 24kg,3,9944.78,0.05,28342.62,8603.79,UPI
ORD-100541,2024-10-02,CUST-00006,East,Sports,Outdoor,TrailHike Backpack 60L,3,3352.41,0.0,10057.23,4087.82,Credit Card
ORD-100836,2024-10-02,CUST-00590,South,Beauty,Makeup,Matte Lipstick Set,3,954.19,0.1,2576.31,1114.99,Credit Card
ORD-100941,2024-10-02,CUST-00270,East,Sports,Fitness,ProYoga Mat,2,1358.33,0.0,2716.66,1136.9,Debit Card
ORD-101876,2024-10-02,CUST-00511,East,Electronics,Audio,BassBoom Speaker,1,9103.36,0.15,7737.86,-151.98,UPI
ORD-101306,2024-10-03,CUST-00323,East,Sports,Fitness,Adjustable Dumbbell 24kg,1,9761.72,0.15,8297.46,1546.45,Credit Card
ORD-101316,2024-10-03,CUST-00434,South,Beauty,Makeup,Matte Lipstick Set,2,1042.37,0.1,1876.27,817.81,Debit Card
ORD-101903,2024-10-03,CUST-00405,West,Sports,Fitness,ProYoga Mat,1,1348.47,0.1,1213.62,340.39,Credit Card
ORD-100177,2024-10-04,CUST-00077,East,Home & Kitchen,Appliances,AirFryer Deluxe,4,7782.84,0.25,23348.52,1741.84,Credit Card
ORD-100387,2024-10-04,CUST-00369,North,Electronics,Laptop,ThinkPro 14,3,52541.01,0.1,141860.73,10977.27,UPI
ORD-100792,2024-10-04,CUST-00202,South,Home & Kitchen,Appliances,AirFryer Deluxe,1,8301.94,0.0,8301.94,2929.1,Cash on Delivery
ORD-100816,2024-10-04,CUST-00107,East,Electronics,Mobile,Pixel Aura 12,1,34333.23,0.25,25749.92,-2349.75,UPI
ORD-100932,2024-10-04,CUST-00548,West,Beauty,Skincare,Vitamin C Serum,2,857.0,0.05,1628.3,818.4,Credit Card
ORD-101560,2024-10-04,CUST-00036,East,Electronics,Audio,BassBoom Speaker,3,9435.56,0.3,19814.68,-2811.57,Debit Card
ORD-101656,2024-10-04,CUST-00143,South,Electronics,Mobile,Galaxy Nova X5,2,25476.69,0.0,50953.38,10639.31,UPI
ORD-100147,2024-10-05,CUST-00246,North,Electronics,Laptop,AirBook Slim,2,76739.52,0.15,130457.18,4401.12,Credit Card
ORD-100352,2024-10-05,CUST-00139,South,Fashion,Footwear,RunFlex Sneakers,1,3107.07,0.1,2796.36,813.79,Cash on Delivery
ORD-100357,2024-10-05,CUST-00504,East,Home & Kitchen,Appliances,ColdBrew Coffee Maker,1,6292.6,0.2,5034.08,418.67,Credit Card
ORD-100414,2024-10-05,CUST-00509,West,Beauty,Skincare,HydraBoost Moisturizer,1,1232.85,0.0,1232.85,659.16,Debit Card
ORD-101734,2024-10-05,CUST-00498,East,Fashion,Men,Oxford Casual Shirt,2,1330.94,0.0,2661.88,1186.75,Debit Card
ORD-100504,2024-10-06,CUST-00410,East,Home & Kitchen,Furniture,ErgoComfort Chair,1,9201.66,0.2,7361.33,605.7,Credit Card
ORD-100539,2024-10-06,CUST-00600,North,Sports,Outdoor,AllWeather Tent 4P,1,11576.7,0.15,9840.19,1923.45,UPI
ORD-101011,2024-10-06,CUST-00011,East,Beauty,Skincare,HydraBoost Moisturizer,3,1207.46,0.05,3441.26,1794.96,UPI
ORD-101168,2024-10-06,CUST-00193,West,Electronics,Audio,SoundPods Pro,1,4812.37,0.15,4090.51,108.52,Credit Card
ORD-101509,2024-10-06,CUST-00010,North,Fashion,Women,Knit Winter Sweater,1,2219.49,0.1,1997.54,671.75,UPI
ORD-101874,2024-10-06,CUST-00045,North,Beauty,Makeup,Matte Lipstick Set,1,987.86,0.15,839.68,311.63,Credit Card
ORD-100827,2024-10-07,CUST-00256,West,Beauty,Makeup,Matte Lipstick Set,5,1048.21,0.05,4979.0,2347.89,UPI
ORD-101173,2024-10-07,CUST-00259,East,Fashion,Footwear,RunFlex Sneakers,1,3109.95,0.05,2954.45,1155.63,Credit Card
ORD-101664,2024-10-07,CUST-00584,East,Sports,Fitness,Adjustable Dumbbell 24kg,3,9589.68,0.1,25892.14,7784.76,UPI
ORD-101840,2024-10-07,CUST-00434,South,Electronics,Mobile,Galaxy Nova X5,1,24933.96,0.15,21193.87,-45.29,UPI
ORD-100101,2024-10-08,CUST-00361,South,Beauty,Makeup,HD Foundation Kit,3,1446.68,0.1,3906.04,1564.22,UPI
ORD-100340,2024-10-08,CUST-00524,West,Sports,Fitness,ProYoga Mat,3,1275.02,0.05,3633.81,1287.64,Credit Card
ORD-100522,2024-10-08,CUST-00261,North,Home & Kitchen,Appliances,ColdBrew Coffee Maker,3,6782.03,0.15,17294.18,2333.69,UPI
ORD-100616,2024-10-08,CUST-00142,East,Home & Kitchen,Furniture,Oakwood Study Desk,1,13058.83,0.05,12405.89,3215.61,UPI
ORD-100958,2024-10-08,CUST-00332,West,Electronics,Laptop,AirBook Slim,1,80187.4,0.15,68159.29,2202.47,UPI
ORD-100064,2024-10-09,CUST-00425,South,Beauty,Makeup,HD Foundation Kit,3,1460.59,0.4,2629.06,247.4,Net Banking
ORD-100184,2024-10-09,CUST-00496,North,Beauty,Skincare,Vitamin C Serum,2,878.23,0.0,1756.46,933.51,UPI
ORD-100975,2024-10-09,CUST-00412,West,Fashion,Men,Oxford Casual Shirt,3,1284.84,0.1,3469.07,972.97,UPI
ORD-101130,2024-10-09,CUST-00043,North,Sports,Outdoor,AllWeather Tent 4P,2,11571.78,0.1,20829.2,5956.5,Credit Card
ORD-101410,2024-10-09,CUST-00397,North,Beauty,Skincare,Vitamin C Serum,2,873.66,0.3,1223.12,294.2,UPI
ORD-101699,2024-10-09,CUST-00430,North,Electronics,Laptop,ThinkPro 14,1,57561.63,0.1,51805.47,5238.19,Credit Card
ORD-100446,2024-10-10,CUST-00332,East,Sports,Fitness,ProYoga Mat,2,1294.71,0.0,2589.42,1074.34,Net Banking
ORD-101104,2024-10-10,CUST-00431,South,Electronics,Laptop,AirBook Slim,1,82428.52,0.0,82428.52,17658.2,Cash on Delivery
ORD-101565,2024-10-10,CUST-00477,East,Fashion,Footwear,RunFlex Sneakers,1,3033.83,0.05,2882.14,952.27,UPI
ORD-101784,2024-10-10,CUST-00431,East,Electronics,Audio,SoundPods Pro,3,5069.68,0.05,14448.59,2202.01,Debit Card
ORD-100404,2024-10-11,CUST-00571,East,Beauty,Makeup,Matte Lipstick Set,1,994.38,0.1,894.94,385.14,UPI
ORD-100877,2024-10-11,CUST-00448,West,Sports,Outdoor,AllWeather Tent 4P,1,12035.82,0.1,10832.24,3202.69,Cash on Delivery
ORD-101693,2024-10-11,CUST-00252,North,Fashion,Men,Oxford Casual Shirt,1,1255.15,0.1,1129.64,389.67,Net Banking
ORD-101777,2024-10-11,CUST-00218,South,Electronics,Mobile,Galaxy Nova X5,3,23870.32,0.05,68030.41,8940.36,UPI
ORD-100805,2024-10-12,CUST-00311,East,Sports,Fitness,ProYoga Mat,2,1327.48,0.05,2522.21,780.99,Debit Card
ORD-100846,2024-10-12,CUST-00212,West,Fashion,Men,Oxford Casual Shirt,1,1349.06,0.05,1281.61,442.9,Cash on Delivery
ORD-101120,2024-10-12,CUST-00466,West,Sports,Fitness,ProYoga Mat,1,1251.23,0.0,1251.23,511.67,Credit Card
ORD-100138,2024-10-13,CUST-00122,North,Home & Kitchen,Decor,LED Wall Lamp,1,1005.18,0.0,1005.18,320.65,UPI
ORD-100343,2024-10-13,CUST-00586,South,Fashion,Women,Knit Winter Sweater,4,2129.49,0.05,8092.06,2884.14,Debit Card
ORD-100390,2024-10-13,CUST-00350,North,Electronics,Laptop,AirBook Slim,1,82917.31,0.05,78771.44,12665.43,UPI
ORD-100435,2024-10-13,CUST-00081,South,Beauty,Makeup,Matte Lipstick Set,5,1019.47,0.1,4587.62,1853.64,Credit Card
ORD-101109,2024-10-13,CUST-00245,West,Sports,Fitness,ProYoga Mat,1,1265.49,0.05,1202.22,398.26,Net Banking
ORD-101234,2024-10-13,CUST-00508,North,Fashion,Footwear,RunFlex Sneakers,3,3041.61,0.25,6843.62,976.3,UPI
ORD-101265,2024-10-13,CUST-00348,East,Beauty,Makeup,HD Foundation Kit,1,1553.35,0.0,1553.35,809.38,Credit Card
ORD-101572,2024-10-13,CUST-00115,South,Sports,Fitness,Adjustable Dumbbell 24kg,1,9524.0,0.0,9524.0,3865.7,Net Banking
ORD-101785,2024-10-13,CUST-00431,East,Fashion,Men,SlimFit Denim Jeans,1,1905.27,0.2,1524.22,307.02,UPI
ORD-100536,2024-10-14,CUST-00441,North,Sports,Fitness,ProYoga Mat,1,1252.47,0.1,1127.22,264.16,UPI
ORD-101030,2024-10-14,CUST-00256,South,Fashion,Men,SlimFit Denim Jeans,1,2022.65,0.1,1820.39,505.45,Credit Card
ORD-101074,2024-10-14,CUST-00491,East,Sports,Fitness,ProYoga Mat,1,1287.62,0.2,1030.1,193.49,UPI
ORD-101162,2024-10-14,CUST-00422,North,Sports,Outdoor,TrailHike Backpack 60L,3,3429.09,0.0,10287.27,4291.09,UPI
ORD-101426,2024-10-14,CUST-00215,North,Sports,Outdoor,TrailHike Backpack 60L,1,3452.94,0.0,3452.94,1325.65,Cash on Delivery
ORD-101885,2024-10-14,CUST-00066,South,Beauty,Skincare,Vitamin C Serum,1,917.77,0.0,917.77,515.64,UPI
ORD-100410,2024-10-15,CUST-00070,South,Sports,Fitness,ProYoga Mat,3,1287.83,0.4,2318.09,-216.27,Credit Card
ORD-101478,2024-10-15,CUST-00520,South,Fashion,Men,Oxford Casual Shirt,2,1310.03,0.15,2227.05,584.71,Debit Card
ORD-101847,2024-10-15,CUST-00577,North,Home & Kitchen,Decor,Ceramic Vase Set,1,1548.95,0.1,1394.06,317.21,Credit Card
ORD-100104,2024-10-16,CUST-00347,East,Electronics,Audio,SoundPods Pro,1,5244.44,0.15,4457.77,42.02,UPI
ORD-100168,2024-10-16,CUST-00547,North,Electronics,Audio,BassBoom Speaker,4,9182.37,0.1,33056.53,1875.32,UPI
ORD-100223,2024-10-16,CUST-00319,North,Home & Kitchen,Decor,Ceramic Vase Set,2,1524.98,0.0,3049.96,897.34,Credit Card
ORD-100264,2024-10-16,CUST-00111,West,Home & Kitchen,Appliances,ColdBrew Coffee Maker,2,6823.58,0.0,13647.16,5012.86,Credit Card
ORD-100542,2024-10-16,CUST-00057,South,Home & Kitchen,Furniture,ErgoComfort Chair,1,9209.86,0.15,7828.38,1519.43,UPI
ORD-100668,2024-10-16,CUST-00200,South,Electronics,Audio,BassBoom Speaker,1,9440.23,0.1,8496.21,727.42,Credit Card
ORD-100351,2024-10-17,CUST-00130,South,Sports,Fitness,ProYoga Mat,1,1319.11,0.0,1319.11,541.94,UPI
ORD-100501,2024-10-17,CUST-00320,South,Beauty,Skincare,HydraBoost Moisturizer,2,1205.85,0.15,2049.94,698.51,UPI
ORD-100915,2024-10-17,CUST-00503,West,Sports,Fitness,ProYoga Mat,2,1279.73,0.0,2559.46,958.58,UPI
ORD-101249,2024-10-17,CUST-00559,East,Sports,Outdoor,AllWeather Tent 4P,2,12125.71,0.0,24251.42,9887.08,Credit Card
ORD-101450,2024-10-17,CUST-00052,North,Electronics,Audio,SoundPods Pro,1,4923.57,0.0,4923.57,1007.38,UPI
ORD-101548,2024-10-17,CUST-00139,South,Sports,Fitness,ProYoga Mat,2,1303.55,0.05,2476.74,719.7,UPI
ORD-100111,2024-10-18,CUST-00165,East,Sports,Outdoor,TrailHike Backpack 60L,3,3372.48,0.15,8599.82,1612.47,Net Banking
ORD-100213,2024-10-18,CUST-00028,East,Fashion,Men,Oxford Casual Shirt,1,1336.81,0.05,1269.97,434.74,UPI
ORD-100347,2024-10-18,CUST-00523,North,Beauty,Makeup,HD Foundation Kit,1,1554.07,0.0,1554.07,912.32,Credit Card
ORD-100768,2024-10-18,CUST-00413,West,Beauty,Makeup,Matte Lipstick Set,2,1013.35,0.0,2026.7,1172.42,Net Banking
ORD-101387,2024-10-18,CUST-00556,South,Electronics,Mobile,Pixel Aura 12,1,34247.31,0.25,25685.48,-2908.3,Credit Card
ORD-101887,2024-10-18,CUST-00297,East,Fashion,Men,SlimFit Denim Jeans,1,2024.49,0.05,1923.27,691.87,Debit Card
ORD-101296,2024-10-19,CUST-00061,East,Home & Kitchen,Appliances,AirFryer Deluxe,1,8290.21,0.0,8290.21,2953.15,Credit Card
ORD-101488,2024-10-19,CUST-00331,East,Sports,Outdoor,TrailHike Backpack 60L,1,3333.77,0.1,3000.39,763.63,UPI
ORD-101533,2024-10-19,CUST-00446,South,Beauty,Makeup,Matte Lipstick Set,3,984.28,0.1,2657.56,1086.75,UPI
ORD-100295,2024-10-20,CUST-00150,East,Electronics,Audio,SoundPods Pro,1,5084.11,0.0,5084.11,793.08,UPI
ORD-101442,2024-10-20,CUST-00235,East,Home & Kitchen,Furniture,Oakwood Study Desk,3,13356.17,0.0,40068.51,12179.27,Credit Card
ORD-100337,2024-10-21,CUST-00351,East,Fashion,Footwear,RunFlex Sneakers,3,2954.94,0.05,8421.58,3076.84,UPI
ORD-100489,2024-10-21,CUST-00504,North,Fashion,Men,SlimFit Denim Jeans,1,2027.1,0.05,1925.74,719.12,Credit Card
ORD-100626,2024-10-21,CUST-00468,South,Sports,Fitness,Adjustable Dumbbell 24kg,2,9827.91,0.0,19655.82,7578.07,Credit Card
ORD-101018,2024-10-21,CUST-00147,West,Fashion,Footwear,RunFlex Sneakers,1,2856.64,0.15,2428.14,589.41,Credit Card
ORD-101121,2024-10-21,CUST-00502,West,Fashion,Footwear,RunFlex Sneakers,2,3030.79,0.0,6061.58,2323.9,UPI
ORD-101169,2024-10-21,CUST-00128,North,Sports,Fitness,ProYoga Mat,1,1284.51,0.1,1156.06,336.42,UPI
ORD-101671,2024-10-21,CUST-00202,South,Home & Kitchen,Appliances,AirFryer Deluxe,5,8349.91,0.0,41749.55,14496.83,UPI
ORD-101869,2024-10-21,CUST-00132,North,Beauty,Makeup,Matte Lipstick Set,3,1039.6,0.05,2962.86,1561.09,Credit Card
ORD-100057,2024-10-22,CUST-00480,South,Fashion,Footwear,RunFlex Sneakers,4,2870.47,0.2,9185.5,1499.75,Debit Card
ORD-100200,2024-10-22,CUST-00469,North,Sports,Outdoor,AllWeather Tent 4P,1,11436.08,0.0,11436.08,4584.55,UPI
ORD-100640,2024-10-22,CUST-00235,East,Beauty,Makeup,HD Foundation Kit,1,1542.02,0.05,1464.92,667.52,UPI
ORD-100652,2024-10-22,CUST-00175,East,Sports,Outdoor,TrailHike Backpack 60L,5,3324.6,0.15,14129.55,2445.65,Credit Card
ORD-100889,2024-10-22,CUST-00516,East,Electronics,Audio,BassBoom Speaker,1,9443.33,0.1,8499.0,507.46,Credit Card
ORD-100918,2024-10-22,CUST-00343,West,Sports,Fitness,Adjustable Dumbbell 24kg,1,10325.11,0.05,9808.85,3123.69,UPI
ORD-100451,2024-10-23,CUST-00181,South,Home & Kitchen,Decor,LED Wall Lamp,1,1044.84,0.1,940.36,171.38,Cash on Delivery
ORD-100790,2024-10-23,CUST-00167,East,Beauty,Makeup,HD Foundation Kit,1,1563.04,0.0,1563.04,815.55,Credit Card
ORD-100916,2024-10-23,CUST-00163,North,Fashion,Women,Floral Summer Dress,1,1731.27,0.25,1298.45,161.22,UPI
ORD-101029,2024-10-23,CUST-00576,South,Fashion,Women,Floral Summer Dress,1,1814.01,0.25,1360.51,216.0,Debit Card
ORD-100273,2024-10-24,CUST-00533,North,Fashion,Men,Oxford Casual Shirt,1,1299.43,0.0,1299.43,525.61,UPI
ORD-100279,2024-10-24,CUST-00321,North,Beauty,Skincare,Vitamin C Serum,4,895.11,0.1,3222.4,1524.79,UPI
ORD-100553,2024-10-24,CUST-00410,North,Beauty,Skincare,Vitamin C Serum,1,889.27,0.2,711.42,218.2,Debit Card
ORD-101621,2024-10-24,CUST-00251,East,Fashion,Men,Oxford Casual Shirt,4,1327.54,0.05,5044.65,1935.09,Cash on Delivery
ORD-101947,2024-10-24,CUST-00452,West,Beauty,Skincare,HydraBoost Moisturizer,4,1177.07,0.1,4237.45,1987.12,Cash on Delivery
ORD-101957,2024-10-24,CUST-00419,South,Home & Kitchen,Appliances,ColdBrew Coffee Maker,1,6604.93,0.0,6604.93,2158.87,Credit Card
ORD-100183,2024-10-25,CUST-00087,South,Sports,Outdoor,TrailHike Backpack 60L,1,3356.61,0.05,3188.78,1053.39,UPI
ORD-100288,2024-10-25,CUST-00383,West,Home & Kitchen,Appliances,ColdBrew Coffee Maker,1,6318.16,0.15,5370.44,777.69,Cash on Delivery
ORD-100914,2024-10-25,CUST-00463,West,Sports,Fitness,ProYoga Mat,2,1278.9,0.1,2302.02,556.18,UPI
ORD-100927,2024-10-25,CUST-00163,South,Beauty,Makeup,Matte Lipstick Set,2,977.86,0.0,1955.72,1032.0,UPI
ORD-100978,2024-10-25,CUST-00106,West,Sports,Outdoor,TrailHike Backpack 60L,2,3382.99,0.05,6427.68,2180.79,Credit Card
ORD-101017,2024-10-25,CUST-00231,South,Fashion,Women,Knit Winter Sweater,4,2133.17,0.05,8106.05,3031.91,UPI
ORD-101773,2024-10-25,CUST-00366,South,Home & Kitchen,Decor,LED Wall Lamp,1,987.65,0.0,987.65,321.69,Debit Card
ORD-101850,2024-10-25,CUST-00206,East,Sports,Fitness,Adjustable Dumbbell 24kg,4,10246.96,0.4,24592.7,-2808.77,UPI
ORD-101880,2024-10-25,CUST-00228,East,Home & Kitchen,Decor,Ceramic Vase Set,1,1457.27,0.15,1238.68,159.85,Credit Card
ORD-101909,2024-10-25,CUST-00487,North,Electronics,Audio,SoundPods Pro,1,5233.51,0.2,4186.81,-83.86,Net Banking
ORD-101033,2024-10-26,CUST-00086,North,Beauty,Makeup,HD Foundation Kit,4,1564.21,0.0,6256.84,3671.72,Credit Card
ORD-101213,2024-10-26,CUST-00407,East,Fashion,Men,SlimFit Denim Jeans,1,1923.67,0.0,1923.67,811.94,UPI
ORD-100008,2024-10-27,CUST-00465,East,Beauty,Makeup,Matte Lipstick Set,2,1037.44,0.0,2074.88,1182.83,UPI
ORD-100659,2024-10-27,CUST-00147,East,Electronics,Audio,BassBoom Speaker,2,8985.08,0.0,17970.16,3578.51,UPI
ORD-100677,2024-10-27,CUST-00456,North,Beauty,Makeup,HD Foundation Kit,5,1570.52,0.0,7852.6,4418.29,UPI
ORD-100841,2024-10-27,CUST-00345,South,Electronics,Mobile,iPhone Zeta,3,72828.78,0.25,163864.76,-19524.58,Credit Card
ORD-100951,2024-10-27,CUST-00400,West,Fashion,Footwear,UrbanLoafers,1,3582.79,0.15,3045.37,863.0,UPI
ORD-100959,2024-10-27,CUST-00425,South,Electronics,Mobile,Galaxy Nova X5,1,25045.55,0.0,25045.55,3787.33,UPI
ORD-100988,2024-10-27,CUST-00085,South,Beauty,Makeup,HD Foundation Kit,1,1477.08,0.05,1403.23,649.9,Debit Card
ORD-101801,2024-10-27,CUST-00238,South,Electronics,Mobile,Galaxy Nova X5,2,25693.92,0.05,48818.45,5070.32,UPI
ORD-100365,2024-10-28,CUST-00502,West,Fashion,Women,Floral Summer Dress,1,1825.02,0.1,1642.52,480.91,Debit Card
ORD-100437,2024-10-28,CUST-00037,South,Beauty,Skincare,HydraBoost Moisturizer,1,1207.87,0.25,905.9,225.59,Cash on Delivery
ORD-100610,2024-10-28,CUST-00336,West,Fashion,Men,Oxford Casual Shirt,2,1289.85,0.05,2450.71,915.07,Debit Card
ORD-100710,2024-10-28,CUST-00059,North,Home & Kitchen,Appliances,ColdBrew Coffee Maker,1,6748.55,0.25,5061.41,119.57,Net Banking
ORD-101215,2024-10-28,CUST-00549,West,Fashion,Men,SlimFit Denim Jeans,1,1982.66,0.05,1883.53,621.34,Credit Card
ORD-100030,2024-10-29,CUST-00197,East,Home & Kitchen,Appliances,ColdBrew Coffee Maker,2,6758.99,0.0,13517.98,4468.64,UPI
ORD-100073,2024-10-29,CUST-00406,East,Home & Kitchen,Decor,LED Wall Lamp,1,997.32,0.05,947.45,238.26,Credit Card
ORD-101101,2024-10-29,CUST-00371,East,Fashion,Women,Knit Winter Sweater,1,2237.72,0.05,2125.83,732.95,Credit Card
ORD-101530,2024-10-29,CUST-00473,North,Home & Kitchen,Decor,LED Wall Lamp,1,970.51,0.05,921.98,271.33,Net Banking
ORD-101057,2024-10-30,CUST-00432,North,Fashion,Footwear,UrbanLoafers,1,3569.21,0.05,3390.75,1324.82,UPI
ORD-101627,2024-10-30,CUST-00309,East,Sports,Fitness,ProYoga Mat,1,1361.18,0.05,1293.12,420.14,Net Banking
ORD-101842,2024-10-30,CUST-00416,West,Sports,Outdoor,TrailHike Backpack 60L,1,3374.49,0.0,3374.49,1303.4,UPI
ORD-101071,2024-10-31,CUST-00123,West,Beauty,Skincare,Vitamin C Serum,1,871.2,0.0,871.2,473.8,UPI
ORD-101165,2024-10-31,CUST-00414,North,Home & Kitchen,Appliances,AirFryer Deluxe,3,8060.88,0.1,21764.38,5011.0,Credit Card
ORD-101451,2024-10-31,CUST-00461,East,Electronics,Mobile,Pixel Aura 12,5,32359.38,0.05,153707.05,19379.45,Credit Card
ORD-100265,2024-11-01,CUST-00530,East,Sports,Fitness,Adjustable Dumbbell 24kg,5,10360.46,0.1,46622.07,11463.98,Net Banking
ORD-100405,2024-11-01,CUST-00090,East,Fashion,Men,SlimFit Denim Jeans,1,1906.39,0.1,1715.75,571.87,Debit Card
ORD-101464,2024-11-01,CUST-00336,North,Electronics,Audio,BassBoom Speaker,5,9065.29,0.0,45326.45,7137.65,Debit Card
ORD-101873,2024-11-01,CUST-00157,South,Beauty,Makeup,Matte Lipstick Set,2,1032.38,0.15,1755.05,676.96,Credit Card
ORD-100072,2024-11-02,CUST-00435,North,Sports,Outdoor,TrailHike Backpack 60L,4,3424.69,0.05,13013.82,4245.47,Cash on Delivery
ORD-100178,2024-11-02,CUST-00247,North,Home & Kitchen,Appliances,AirFryer Deluxe,1,7611.57,0.2,6089.26,466.27,Debit Card
ORD-100230,2024-11-02,CUST-00179,South,Beauty,Skincare,Vitamin C Serum,3,862.25,0.05,2457.41,1160.78,Credit Card
ORD-100412,2024-11-02,CUST-00324,South,Sports,Outdoor,TrailHike Backpack 60L,2,3543.51,0.05,6732.67,2382.45,UPI
ORD-100513,2024-11-02,CUST-00447,East,Beauty,Skincare,HydraBoost Moisturizer,1,1179.33,0.1,1061.4,461.94,UPI
ORD-100693,2024-11-02,CUST-00187,North,Beauty,Skincare,HydraBoost Moisturizer,1,1157.71,0.05,1099.82,555.44,UPI
ORD-100937,2024-11-02,CUST-00545,South,Electronics,Laptop,AirBook Slim,2,76443.63,0.05,145242.9,17877.0,Cash on Delivery
ORD-101358,2024-11-02,CUST-00093,North,Home & Kitchen,Furniture,Oakwood Study Desk,1,13217.96,0.3,9252.57,-196.46,UPI
ORD-100377,2024-11-03,CUST-00410,North,Fashion,Men,SlimFit Denim Jeans,1,1952.02,0.0,1952.02,880.69,UPI
ORD-100517,2024-11-03,CUST-00421,South,Home & Kitchen,Appliances,ColdBrew Coffee Maker,4,6212.97,0.15,21124.1,2821.16,UPI
ORD-101663,2024-11-03,CUST-00566,East,Fashion,Men,Oxford Casual Shirt,1,1257.87,0.0,1257.87,551.38,Credit Card
ORD-101748,2024-11-03,CUST-00415,South,Sports,Fitness,ProYoga Mat,2,1316.83,0.25,1975.24,187.69,Debit Card
ORD-100044,2024-11-04,CUST-00124,North,Beauty,Makeup,HD Foundation Kit,4,1512.81,0.0,6051.24,3488.21,Credit Card
ORD-100599,2024-11-04,CUST-00443,West,Electronics,Mobile,Pixel Aura 12,1,31563.64,0.2,25250.91,-2014.95,Credit Card
ORD-101331,2024-11-04,CUST-00306,South,Fashion,Women,Floral Summer Dress,1,1767.99,0.1,1591.19,497.98,UPI
ORD-101424,2024-11-04,CUST-00317,West,Home & Kitchen,Furniture,ErgoComfort Chair,2,8772.06,0.1,15789.71,3896.6,Debit Card
ORD-101735,2024-11-04,CUST-00383,South,Sports,Outdoor,TrailHike Backpack 60L,3,3438.37,0.0,10315.11,4133.42,UPI
ORD-100208,2024-11-05,CUST-00281,East,Electronics,Mobile,Galaxy Nova X5,1,26144.03,0.0,26144.03,4083.32,UPI
ORD-100515,2024-11-05,CUST-00308,South,Beauty,Skincare,HydraBoost Moisturizer,1,1202.72,0.1,1082.45,464.55,UPI
ORD-100793,2024-11-05,CUST-00178,East,Sports,Fitness,Adjustable Dumbbell 24kg,1,9853.65,0.05,9360.97,3252.34,Credit Card
ORD-100796,2024-11-05,CUST-00595,North,Sports,Outdoor,AllWeather Tent 4P,1,11430.75,0.25,8573.06,975.97,UPI
ORD-101422,2024-11-05,CUST-00187,South,Beauty,Skincare,HydraBoost Moisturizer,1,1156.15,0.05,1098.34,566.11,UPI
ORD-101687,2024-11-05,CUST-00143,West,Beauty,Makeup,HD Foundation Kit,1,1543.79,0.2,1235.03,408.81,Debit Card
ORD-101691,2024-11-05,CUST-00020,North,Electronics,Audio,BassBoom Speaker,3,8785.2,0.05,25037.82,2877.3,UPI
ORD-101791,2024-11-05,CUST-00400,South,Beauty,Skincare,HydraBoost Moisturizer,2,1147.0,0.05,2179.3,1087.81,Credit Card
ORD-100557,2024-11-06,CUST-00571,South,Electronics,Audio,BassBoom Speaker,1,9094.16,0.0,9094.16,1346.59,Cash on Delivery
ORD-100591,2024-11-06,CUST-00227,South,Fashion,Women,Floral Summer Dress,1,1759.63,0.0,1759.63,798.37,UPI
ORD-100643,2024-11-06,CUST-00460,South,Fashion,Men,SlimFit Denim Jeans,1,1931.87,0.05,1835.28,620.88,Credit Card
ORD-100803,2024-11-06,CUST-00456,North,Sports,Outdoor,TrailHike Backpack 60L,1,3375.89,0.15,2869.51,545.71,UPI
ORD-100053,2024-11-07,CUST-00255,North,Home & Kitchen,Decor,Ceramic Vase Set,3,1435.15,0.05,4090.18,1156.93,UPI
ORD-100371,2024-11-07,CUST-00222,South,Home & Kitchen,Appliances,ColdBrew Coffee Maker,3,6211.94,0.15,15840.45,2643.05,Debit Card
ORD-101643,2024-11-07,CUST-00211,East,Home & Kitchen,Appliances,ColdBrew Coffee Maker,1,6641.02,0.2,5312.82,511.12,Debit Card
ORD-101759,2024-11-07,CUST-00295,South,Electronics,Mobile,iPhone Zeta,1,72081.96,0.0,72081.96,12023.61,Credit Card
ORD-100313,2024-11-08,CUST-00112,South,Fashion,Footwear,UrbanLoafers,1,3561.84,0.05,3383.75,1181.01,Credit Card
ORD-100383,2024-11-08,CUST-00359,South,Home & Kitchen,Appliances,AirFryer Deluxe,1,7891.23,0.05,7496.67,1857.22,Credit Card
ORD-100782,2024-11-08,CUST-00245,West,Fashion,Women,Knit Winter Sweater,2,2089.73,0.0,4179.46,1650.08,Credit Card
ORD-100794,2024-11-08,CUST-00581,South,Beauty,Makeup,HD Foundation Kit,3,1539.12,0.0,4617.36,2447.21,UPI
ORD-101441,2024-11-08,CUST-00576,North,Beauty,Skincare,HydraBoost Moisturizer,1,1172.12,0.15,996.3,402.22,Credit Card
ORD-101493,2024-11-08,CUST-00001,North,Home & Kitchen,Furniture,Oakwood Study Desk,2,12773.75,0.0,25547.5,8545.68,UPI
ORD-101712,2024-11-08,CUST-00233,North,Beauty,Skincare,Vitamin C Serum,1,854.93,0.0,854.93,436.32,UPI
ORD-100478,2024-11-09,CUST-00267,South,Beauty,Makeup,HD Foundation Kit,1,1503.52,0.1,1353.17,593.88,Credit Card
ORD-100700,2024-11-09,CUST-00237,North,Electronics,Laptop,ThinkPro 14,4,55639.56,0.05,211430.33,18981.12,UPI
ORD-101259,2024-11-09,CUST-00123,North,Beauty,Makeup,Matte Lipstick Set,2,1026.27,0.15,1744.66,628.92,UPI
ORD-101872,2024-11-09,CUST-00022,East,Sports,Fitness,Adjustable Dumbbell 24kg,3,10456.78,0.1,28233.31,8419.1,Credit Card
ORD-100225,2024-11-10,CUST-00543,North,Electronics,Mobile,iPhone Zeta,1,72639.35,0.2,58111.48,-808.96,Credit Card
ORD-101202,2024-11-10,CUST-00163,South,Fashion,Footwear,RunFlex Sneakers,1,3052.35,0.05,2899.73,1103.58,Credit Card
ORD-101898,2024-11-10,CUST-00142,South,Beauty,Makeup,HD Foundation Kit,1,1544.3,0.0,1544.3,823.17,UPI
ORD-100141,2024-11-11,CUST-00028,East,Beauty,Makeup,HD Foundation Kit,2,1546.33,0.0,3092.66,1668.39,Cash on Delivery
ORD-100157,2024-11-11,CUST-00406,South,Beauty,Makeup,Matte Lipstick Set,4,954.61,0.05,3627.52,1679.74,Credit Card
ORD-101050,2024-11-11,CUST-00347,North,Electronics,Laptop,AirBook Slim,2,79147.22,0.0,158294.44,28419.95,Credit Card
ORD-101277,2024-11-11,CUST-00126,West,Fashion,Men,Oxford Casual Shirt,2,1265.81,0.15,2151.88,545.95,UPI
ORD-101297,2024-11-11,CUST-00380,East,Electronics,Mobile,iPhone Zeta,1,73195.08,0.25,54896.31,-5618.4,Credit Card
ORD-101682,2024-11-11,CUST-00466,North,Beauty,Skincare,Vitamin C Serum,1,916.6,0.05,870.77,434.21,Debit Card
ORD-100392,2024-11-12,CUST-00537,West,Beauty,Makeup,HD Foundation Kit,1,1444.82,0.0,1444.82,799.43,Net Banking
ORD-100666,2024-11-12,CUST-00127,South,Beauty,Makeup,HD Foundation Kit,1,1549.55,0.25,1162.16,305.05,Credit Card
ORD-101448,2024-11-12,CUST-00094,South,Electronics,Laptop,AirBook Slim,2,79273.64,0.3,110983.1,-18532.81,UPI
ORD-100575,2024-11-13,CUST-00346,West,Home & Kitchen,Furniture,Oakwood Study Desk,3,12508.06,0.05,35647.97,9282.44,UPI
ORD-100879,2024-11-13,CUST-00378,South,Beauty,Skincare,HydraBoost Moisturizer,1,1258.4,0.25,943.8,224.78,UPI
ORD-101970,2024-11-14,CUST-00338,South,Electronics,Audio,BassBoom Speaker,1,8760.41,0.15,7446.35,126.42,UPI
ORD-100421,2024-11-15,CUST-00203,East,Electronics,Laptop,AirBook Slim,1,79731.76,0.1,71758.58,6594.18,Credit Card
ORD-100436,2024-11-15,CUST-00352,East,Beauty,Skincare,Vitamin C Serum,1,940.39,0.15,799.33,274.77,Debit Card
ORD-100861,2024-11-15,CUST-00436,East,Electronics,Mobile,iPhone Zeta,3,67561.97,0.1,182417.32,15299.32,UPI
ORD-100196,2024-11-16,CUST-00402,South,Beauty,Skincare,Vitamin C Serum,1,864.29,0.0,864.29,487.16,Cash on Delivery
ORD-100197,2024-11-16,CUST-00313,West,Beauty,Skincare,HydraBoost Moisturizer,1,1159.74,0.05,1101.75,557.91,Net Banking
ORD-100397,2024-11-16,CUST-00586,East,Beauty,Makeup,HD Foundation Kit,3,1488.14,0.2,3571.54,1221.81,Debit Card
ORD-100834,2024-11-16,CUST-00521,North,Beauty,Skincare,Vitamin C Serum,1,867.54,0.0,867.54,483.48,UPI
ORD-101195,2024-11-16,CUST-00118,East,Sports,Fitness,Adjustable Dumbbell 24kg,3,9870.55,0.1,26650.48,7675.27,Credit Card
ORD-101545,2024-11-16,CUST-00552,West,Home & Kitchen,Decor,Ceramic Vase Set,2,1487.45,0.05,2826.15,704.05,UPI
ORD-100500,2024-11-17,CUST-00113,South,Sports,Fitness,ProYoga Mat,3,1289.14,0.4,2320.45,-182.99,Debit Card
ORD-100845,2024-11-17,CUST-00292,South,Home & Kitchen,Furniture,Oakwood Study Desk,1,13496.06,0.25,10122.05,617.23,UPI
ORD-101058,2024-11-17,CUST-00281,North,Electronics,Laptop,AirBook Slim,3,78577.82,0.4,141440.08,-40938.2,Credit Card
ORD-101467,2024-11-17,CUST-00145,West,Sports,Outdoor,AllWeather Tent 4P,3,11432.67,0.1,30868.21,8308.9,Cash on Delivery
ORD-101494,2024-11-17,CUST-00398,South,Electronics,Laptop,ThinkPro 14,2,57377.37,0.05,109017.0,12850.87,UPI
ORD-101632,2024-11-17,CUST-00330,East,Beauty,Skincare,HydraBoost Moisturizer,1,1149.1,0.05,1091.64,572.98,Credit Card
ORD-101983,2024-11-17,CUST-00251,North,Beauty,Skincare,Vitamin C Serum,1,903.45,0.0,903.45,470.31,UPI
ORD-100005,2024-11-18,CUST-00512,South,Beauty,Skincare,HydraBoost Moisturizer,3,1166.51,0.15,2974.6,1011.57,UPI
ORD-100656,2024-11-18,CUST-00370,South,Electronics,Laptop,AirBook Slim,4,77711.55,0.05,295303.89,34508.12,Net Banking
ORD-100996,2024-11-18,CUST-00055,East,Beauty,Makeup,HD Foundation Kit,1,1500.19,0.15,1275.16,471.9,Cash on Delivery
ORD-101150,2024-11-18,CUST-00229,East,Electronics,Laptop,ThinkPro 14,1,57358.72,0.2,45886.98,-774.19,UPI
ORD-101547,2024-11-18,CUST-00250,South,Beauty,Skincare,Vitamin C Serum,1,865.35,0.2,692.28,225.6,UPI
ORD-101655,2024-11-18,CUST-00277,East,Electronics,Audio,BassBoom Speaker,1,8754.74,0.15,7441.53,-239.17,Credit Card
ORD-101762,2024-11-18,CUST-00214,North,Beauty,Makeup,HD Foundation Kit,3,1565.84,0.15,3992.89,1580.44,Credit Card
ORD-101960,2024-11-18,CUST-00354,South,Home & Kitchen,Furniture,Oakwood Study Desk,2,12929.89,0.1,23273.8,5775.96,UPI
ORD-100388,2024-11-19,CUST-00545,West,Electronics,Mobile,Pixel Aura 12,3,32111.88,0.1,86702.08,4808.16,UPI
ORD-100887,2024-11-19,CUST-00193,North,Home & Kitchen,Appliances,AirFryer Deluxe,2,7847.41,0.15,13340.6,1972.34,UPI
ORD-101356,2024-11-19,CUST-00101,North,Beauty,Skincare,HydraBoost Moisturizer,1,1230.95,0.15,1046.31,399.2,UPI
ORD-101620,2024-11-19,CUST-00048,North,Electronics,Audio,SoundPods Pro,2,5176.6,0.0,10353.2,1866.38,UPI
ORD-100241,2024-11-20,CUST-00576,East,Beauty,Skincare,HydraBoost Moisturizer,1,1157.93,0.0,1157.93,678.43,Cash on Delivery
ORD-100745,2024-11-20,CUST-00470,West,Sports,Fitness,ProYoga Mat,1,1314.13,0.1,1182.72,296.74,Cash on Delivery
ORD-100769,2024-11-20,CUST-00410,South,Electronics,Audio,SoundPods Pro,1,4983.95,0.0,4983.95,1028.63,UPI
ORD-101161,2024-11-20,CUST-00550,North,Beauty,Skincare,Vitamin C Serum,1,903.64,0.1,813.28,370.8,Debit Card
ORD-101819,2024-11-20,CUST-00138,South,Home & Kitchen,Appliances,AirFryer Deluxe,1,7807.6,0.0,7807.6,2752.44,Credit Card
ORD-100855,2024-11-21,CUST-00453,East,Electronics,Laptop,AirBook Slim,1,81233.31,0.2,64986.65,-5532.69,UPI
ORD-100911,2024-11-21,CUST-00231,East,Electronics,Laptop,ThinkPro 14,1,52962.76,0.05,50314.62,5225.89,Cash on Delivery
ORD-100917,2024-11-21,CUST-00546,South,Sports,Outdoor,AllWeather Tent 4P,2,12118.09,0.05,23024.37,7092.71,UPI
ORD-101016,2024-11-21,CUST-00015,North,Sports,Fitness,Adjustable Dumbbell 24kg,2,10432.57,0.0,20865.14,8374.08,UPI
ORD-101775,2024-11-21,CUST-00043,South,Home & Kitchen,Furniture,Oakwood Study Desk,3,12611.1,0.2,30266.64,2800.36,Credit Card
ORD-100140,2024-11-22,CUST-00307,South,Electronics,Mobile,iPhone Zeta,1,69697.92,0.05,66213.02,8673.96,UPI
ORD-100419,2024-11-22,CUST-00291,North,Electronics,Laptop,ThinkPro 14,1,57519.59,0.0,57519.59,10627.9,Credit Card
ORD-101037,2024-11-22,CUST-00117,North,Sports,Outdoor,AllWeather Tent 4P,1,11712.93,0.05,11127.28,3315.18,UPI
ORD-101045,2024-11-22,CUST-00492,East,Electronics,Audio,SoundPods Pro,1,5206.2,0.15,4425.27,103.31,Cash on Delivery
ORD-100126,2024-11-23,CUST-00067,West,Sports,Fitness,ProYoga Mat,1,1256.48,0.0,1256.48,498.91,Debit Card
ORD-100169,2024-11-23,CUST-00380,East,Home & Kitchen,Decor,LED Wall Lamp,1,995.6,0.2,796.48,98.94,Debit Card
ORD-100528,2024-11-23,CUST-00137,South,Electronics,Laptop,ThinkPro 14,2,52701.32,0.05,100132.51,9525.18,Cash on Delivery
ORD-101558,2024-11-23,CUST-00360,South,Beauty,Skincare,Vitamin C Serum,1,879.06,0.15,747.2,288.86,UPI
ORD-101822,2024-11-23,CUST-00132,South,Sports,Fitness,ProYoga Mat,4,1337.77,0.0,5351.08,1852.59,UPI
ORD-101933,2024-11-23,CUST-00025,East,Electronics,Audio,SoundPods Pro,1,4773.86,0.05,4535.17,484.52,Debit Card
ORD-101934,2024-11-23,CUST-00223,East,Beauty,Makeup,HD Foundation Kit,1,1555.57,0.0,1555.57,843.2,Debit Card
ORD-100257,2024-11-24,CUST-00427,South,Home & Kitchen,Decor,LED Wall Lamp,3,1046.2,0.1,2824.74,545.84,Debit Card
ORD-100302,2024-11-24,CUST-00117,North,Electronics,Mobile,iPhone Zeta,1,70994.84,0.0,70994.84,15156.59,UPI
ORD-101004,2024-11-24,CUST-00577,West,Fashion,Men,Oxford Casual Shirt,1,1280.6,0.05,1216.57,481.55,Debit Card
ORD-101324,2024-11-24,CUST-00097,South,Fashion,Footwear,UrbanLoafers,1,3575.88,0.0,3575.88,1614.71,Cash on Delivery
ORD-101349,2024-11-24,CUST-00127,East,Beauty,Skincare,HydraBoost Moisturizer,2,1213.33,0.05,2305.33,1126.22,UPI
ORD-101527,2024-11-24,CUST-00176,East,Sports,Outdoor,TrailHike Backpack 60L,1,3548.87,0.0,3548.87,1414.3,Credit Card
ORD-101889,2024-11-24,CUST-00057,East,Fashion,Footwear,UrbanLoafers,2,3347.46,0.15,5690.68,1192.88,Credit Card
ORD-100031,2024-11-25,CUST-00453,North,Sports,Outdoor,TrailHike Backpack 60L,2,3515.77,0.05,6679.96,1887.31,Credit Card
ORD-100658,2024-11-25,CUST-00369,South,Beauty,Makeup,Matte Lipstick Set,1,1014.87,0.1,913.38,395.51,UPI
ORD-100984,2024-11-25,CUST-00357,North,Home & Kitchen,Decor,Ceramic Vase Set,1,1519.21,0.1,1367.29,323.35,Credit Card
ORD-101019,2024-11-25,CUST-00147,East,Beauty,Makeup,Matte Lipstick Set,1,1000.8,0.0,1000.8,511.81,Debit Card
ORD-101233,2024-11-25,CUST-00418,East,Electronics,Mobile,Pixel Aura 12,1,32270.54,0.1,29043.49,1406.95,Net Banking
ORD-101658,2024-11-25,CUST-00553,East,Home & Kitchen,Appliances,ColdBrew Coffee Maker,3,6234.77,0.0,18704.31,6240.14,UPI
ORD-101727,2024-11-25,CUST-00347,South,Beauty,Makeup,HD Foundation Kit,2,1427.2,0.1,2568.96,1106.16,UPI
ORD-100058,2024-11-26,CUST-00027,North,Home & Kitchen,Appliances,ColdBrew Coffee Maker,4,6494.97,0.05,24680.89,5897.14,Credit Card
ORD-100406,2024-11-26,CUST-00389,East,Electronics,Mobile,Pixel Aura 12,5,32287.48,0.0,161437.4,31137.07,Credit Card
ORD-101797,2024-11-26,CUST-00044,West,Electronics,Laptop,AirBook Slim,1,76398.42,0.0,76398.42,15618.23,UPI
ORD-101799,2024-11-26,CUST-00204,South,Home & Kitchen,Furniture,ErgoComfort Chair,1,8737.34,0.05,8300.47,2575.21,UPI
ORD-100374,2024-11-27,CUST-00577,South,Beauty,Makeup,HD Foundation Kit,4,1573.48,0.1,5664.53,2620.35,Credit Card
ORD-100635,2024-11-27,CUST-00412,North,Home & Kitchen,Appliances,AirFryer Deluxe,2,7915.06,0.25,11872.59,436.09,UPI
ORD-101060,2024-11-27,CUST-00583,South,Fashion,Women,Knit Winter Sweater,2,2231.18,0.1,4016.12,1191.35,Debit Card
ORD-101100,2024-11-27,CUST-00580,South,Sports,Outdoor,TrailHike Backpack 60L,1,3418.96,0.0,3418.96,1241.48,UPI
ORD-101145,2024-11-27,CUST-00335,West,Fashion,Women,Floral Summer Dress,1,1853.62,0.2,1482.9,268.65,Credit Card
ORD-101554,2024-11-27,CUST-00210,East,Home & Kitchen,Decor,Ceramic Vase Set,3,1435.52,0.1,3875.9,955.27,Credit Card
ORD-101816,2024-11-27,CUST-00184,North,Fashion,Women,Knit Winter Sweater,1,2267.59,0.2,1814.07,315.45,UPI
ORD-101641,2024-11-28,CUST-00225,East,Electronics,Audio,BassBoom Speaker,2,8603.82,0.05,16347.26,2500.77,Credit Card
ORD-101769,2024-11-28,CUST-00455,West,Beauty,Makeup,HD Foundation Kit,1,1510.24,0.15,1283.7,488.34,UPI
ORD-100576,2024-11-29,CUST-00420,South,Sports,Outdoor,TrailHike Backpack 60L,2,3485.33,0.05,6622.13,2109.11,Net Banking
ORD-100628,2024-11-29,CUST-00169,West,Beauty,Skincare,HydraBoost Moisturizer,2,1245.23,0.0,2490.46,1301.6,Credit Card
ORD-100483,2024-11-30,CUST-00200,North,Sports,Fitness,ProYoga Mat,2,1237.27,0.0,2474.54,963.59,UPI
ORD-100661,2024-11-30,CUST-00288,East,Fashion,Men,SlimFit Denim Jeans,2,1916.93,0.1,3450.47,1034.42,UPI
ORD-101059,2024-11-30,CUST-00378,West,Sports,Outdoor,TrailHike Backpack 60L,2,3381.05,0.05,6423.99,1880.83,UPI
ORD-101066,2024-11-30,CUST-00403,East,Beauty,Makeup,HD Foundation Kit,2,1448.01,0.05,2751.22,1289.3,UPI
ORD-101327,2024-11-30,CUST-00404,West,Sports,Outdoor,TrailHike Backpack 60L,1,3418.83,0.0,3418.83,1303.8,Debit Card
ORD-101069,2024-12-01,CUST-00401,South,Fashion,Footwear,RunFlex Sneakers,1,2903.31,0.0,2903.31,1180.82,Debit Card
ORD-101534,2024-12-01,CUST-00495,West,Fashion,Women,Floral Summer Dress,1,1833.45,0.0,1833.45,756.64,UPI
ORD-100068,2024-12-02,CUST-00547,West,Electronics,Audio,SoundPods Pro,1,4826.22,0.1,4343.6,271.73,UPI
ORD-100106,2024-12-02,CUST-00540,West,Fashion,Women,Knit Winter Sweater,5,2175.24,0.1,9788.58,3059.94,UPI
ORD-100540,2024-12-02,CUST-00125,East,Fashion,Footwear,RunFlex Sneakers,1,2973.93,0.1,2676.54,725.74,Credit Card
ORD-100588,2024-12-02,CUST-00137,South,Home & Kitchen,Appliances,ColdBrew Coffee Maker,5,6351.48,0.15,26993.79,4601.96,UPI
ORD-100912,2024-12-02,CUST-00488,South,Electronics,Audio,BassBoom Speaker,1,9204.32,0.1,8283.89,610.9,Credit Card
ORD-101153,2024-12-02,CUST-00206,North,Beauty,Skincare,HydraBoost Moisturizer,5,1218.34,0.0,6091.7,3246.9,UPI
ORD-101648,2024-12-02,CUST-00035,North,Fashion,Women,Knit Winter Sweater,1,2114.01,0.3,1479.81,156.53,UPI
ORD-101928,2024-12-02,CUST-00099,North,Sports,Fitness,Adjustable Dumbbell 24kg,1,9991.84,0.0,9991.84,3909.24,Net Banking
ORD-101188,2024-12-03,CUST-00162,West,Fashion,Footwear,RunFlex Sneakers,1,3015.49,0.1,2713.94,866.21,Cash on Delivery
ORD-101868,2024-12-03,CUST-00080,West,Fashion,Footwear,RunFlex Sneakers,3,2939.05,0.0,8817.15,3789.3,Debit Card
ORD-100013,2024-12-04,CUST-00244,North,Electronics,Audio,SoundPods Pro,2,5102.9,0.0,10205.8,1476.88,UPI
ORD-100870,2024-12-04,CUST-00139,South,Fashion,Women,Floral Summer Dress,3,1775.84,0.3,3729.26,310.88,UPI
ORD-100874,2024-12-04,CUST-00284,East,Electronics,Audio,SoundPods Pro,1,4800.2,0.0,4800.2,978.04,Debit Card
ORD-100926,2024-12-04,CUST-00265,South,Home & Kitchen,Appliances,AirFryer Deluxe,1,8200.98,0.15,6970.83,1241.22,Credit Card
ORD-101133,2024-12-04,CUST-00335,West,Home & Kitchen,Appliances,ColdBrew Coffee Maker,3,6341.78,0.3,13317.74,-137.37,Debit Card
ORD-101183,2024-12-04,CUST-00516,East,Home & Kitchen,Appliances,AirFryer Deluxe,1,8031.86,0.1,7228.67,1645.13,UPI
ORD-101419,2024-12-04,CUST-00412,South,Home & Kitchen,Appliances,ColdBrew Coffee Maker,1,6647.02,0.05,6314.67,1930.97,UPI
ORD-101911,2024-12-04,CUST-00106,South,Electronics,Laptop,ThinkPro 14,1,54480.18,0.0,54480.18,11522.01,Credit Card
ORD-100027,2024-12-05,CUST-00119,South,Fashion,Men,SlimFit Denim Jeans,1,1912.93,0.0,1912.93,845.26,Credit Card
ORD-100190,2024-12-05,CUST-00441,North,Beauty,Skincare,Vitamin C Serum,2,885.97,0.1,1594.75,712.47,Cash on Delivery
ORD-100232,2024-12-05,CUST-00473,North,Home & Kitchen,Appliances,AirFryer Deluxe,2,8249.17,0.0,16498.34,4813.29,Net Banking
ORD-100287,2024-12-05,CUST-00485,West,Electronics,Audio,SoundPods Pro,3,5230.54,0.15,13337.88,246.79,Credit Card
ORD-100922,2024-12-05,CUST-00164,North,Fashion,Footwear,UrbanLoafers,1,3479.28,0.1,3131.35,890.4,Credit Card
ORD-100997,2024-12-05,CUST-00414,North,Home & Kitchen,Appliances,AirFryer Deluxe,3,7649.95,0.0,22949.85,7415.03,UPI
ORD-101755,2024-12-05,CUST-00087,North,Fashion,Women,Knit Winter Sweater,2,2204.56,0.1,3968.21,1333.94,Credit Card
ORD-100185,2024-12-06,CUST-00390,South,Electronics,Laptop,AirBook Slim,4,78965.84,0.15,268483.86,4519.52,UPI
ORD-100526,2024-12-06,CUST-00103,South,Sports,Outdoor,AllWeather Tent 4P,3,11495.16,0.0,34485.48,13875.46,Debit Card
ORD-101035,2024-12-06,CUST-00134,North,Electronics,Audio,SoundPods Pro,2,5247.03,0.0,10494.06,1752.52,Cash on Delivery
ORD-100389,2024-12-07,CUST-00161,North,Electronics,Mobile,Galaxy Nova X5,1,26064.83,0.05,24761.59,2085.4,Credit Card
ORD-100722,2024-12-07,CUST-00252,South,Fashion,Men,Oxford Casual Shirt,5,1284.06,0.0,6420.3,2603.72,Credit Card
ORD-101660,2024-12-07,CUST-00368,North,Beauty,Skincare,Vitamin C Serum,1,913.88,0.15,776.8,321.83,Net Banking
ORD-100346,2024-12-08,CUST-00369,East,Electronics,Laptop,ThinkPro 14,2,56724.97,0.0,113449.94,20208.06,Credit Card
ORD-100566,2024-12-08,CUST-00130,South,Beauty,Makeup,HD Foundation Kit,3,1484.69,0.15,3785.96,1337.52,UPI
ORD-101167,2024-12-08,CUST-00583,West,Electronics,Laptop,AirBook Slim,1,76303.61,0.0,76303.61,16418.44,UPI
ORD-101232,2024-12-08,CUST-00027,North,Sports,Fitness,ProYoga Mat,1,1284.35,0.3,899.04,10.04,UPI
ORD-101391,2024-12-08,CUST-00224,East,Home & Kitchen,Decor,LED Wall Lamp,3,988.27,0.0,2964.81,968.54,Debit Card
ORD-101815,2024-12-08,CUST-00162,East,Fashion,Women,Floral Summer Dress,1,1814.21,0.0,1814.21,798.32,Credit Card
ORD-100032,2024-12-09,CUST-00241,North,Fashion,Footwear,UrbanLoafers,3,3581.56,0.3,7521.28,659.68,Credit Card
ORD-100150,2024-12-09,CUST-00557,North,Electronics,Laptop,AirBook Slim,1,81940.06,0.15,69649.05,-650.71,UPI
ORD-100243,2024-12-09,CUST-00272,West,Beauty,Skincare,Vitamin C Serum,4,921.06,0.0,3684.24,1949.11,UPI
ORD-100268,2024-12-09,CUST-00228,East,Beauty,Skincare,HydraBoost Moisturizer,1,1170.06,0.0,1170.06,672.4,UPI
ORD-100730,2024-12-09,CUST-00289,North,Sports,Fitness,ProYoga Mat,3,1259.35,0.1,3400.24,794.54,Credit Card
ORD-100849,2024-12-09,CUST-00526,North,Home & Kitchen,Appliances,AirFryer Deluxe,5,8194.4,0.15,34826.2,4711.82,UPI
ORD-101455,2024-12-09,CUST-00358,West,Electronics,Mobile,iPhone Zeta,1,67943.62,0.05,64546.44,6872.7,Net Banking
ORD-101856,2024-12-09,CUST-00053,East,Home & Kitchen,Furniture,Oakwood Study Desk,2,12718.17,0.0,25436.34,7473.98,UPI
ORD-101917,2024-12-09,CUST-00069,West,Fashion,Footwear,RunFlex Sneakers,1,3046.82,0.05,2894.48,955.3,Debit Card
ORD-100108,2024-12-10,CUST-00135,West,Fashion,Men,Oxford Casual Shirt,3,1334.19,0.0,4002.57,1788.39,UPI
ORD-100825,2024-12-10,CUST-00269,South,Fashion,Men,Oxford Casual Shirt,1,1240.84,0.05,1178.8,408.94,UPI
ORD-101780,2024-12-10,CUST-00562,North,Sports,Outdoor,TrailHike Backpack 60L,2,3547.69,0.05,6740.61,2024.35,UPI
ORD-100131,2024-12-11,CUST-00578,East,Home & Kitchen,Furniture,ErgoComfort Chair,2,9125.87,0.0,18251.74,6157.13,UPI
ORD-100348,2024-12-11,CUST-00586,North,Sports,Outdoor,TrailHike Backpack 60L,1,3545.09,0.0,3545.09,1246.41,Debit Card
ORD-101156,2024-12-11,CUST-00548,North,Electronics,Mobile,Galaxy Nova X5,1,25645.09,0.15,21798.33,-237.51,Debit Card
ORD-101384,2024-12-11,CUST-00188,North,Beauty,Makeup,Matte Lipstick Set,1,1024.93,0.2,819.94,275.48,UPI
ORD-101463,2024-12-11,CUST-00483,South,Fashion,Footwear,UrbanLoafers,1,3448.7,0.05,3276.26,1241.89,UPI
ORD-100283,2024-12-12,CUST-00098,East,Electronics,Laptop,AirBook Slim,1,77531.5,0.0,77531.5,15224.51,Debit Card
ORD-100015,2024-12-13,CUST-00112,East,Sports,Outdoor,AllWeather Tent 4P,1,11464.05,0.2,9171.24,1488.28,UPI
ORD-100555,2024-12-13,CUST-00480,South,Sports,Outdoor,TrailHike Backpack 60L,1,3488.24,0.15,2965.0,600.56,Credit Card
ORD-100607,2024-12-13,CUST-00252,West,Fashion,Footwear,UrbanLoafers,1,3393.27,0.0,3393.27,1336.72,Debit Card
ORD-101490,2024-12-13,CUST-00210,South,Beauty,Makeup,Matte Lipstick Set,1,982.54,0.05,933.41,441.72,Credit Card
ORD-100052,2024-12-14,CUST-00053,North,Beauty,Makeup,Matte Lipstick Set,2,959.3,0.15,1630.81,552.0,Credit Card
ORD-100425,2024-12-14,CUST-00442,West,Home & Kitchen,Appliances,ColdBrew Coffee Maker,1,6577.56,0.05,6248.68,1726.73,UPI
ORD-101052,2024-12-14,CUST-00340,West,Electronics,Mobile,Pixel Aura 12,1,34466.06,0.0,34466.06,6723.04,Net Banking
ORD-101673,2024-12-14,CUST-00564,West,Home & Kitchen,Appliances,ColdBrew Coffee Maker,1,6706.18,0.3,4694.33,72.29,Credit Card
ORD-101692,2024-12-14,CUST-00450,South,Electronics,Laptop,AirBook Slim,3,78355.53,0.1,211559.93,5742.31,UPI
ORD-101787,2024-12-14,CUST-00425,South,Home & Kitchen,Furniture,Oakwood Study Desk,1,12732.39,0.05,12095.77,2954.2,UPI
ORD-100510,2024-12-15,CUST-00439,South,Beauty,Makeup,HD Foundation Kit,1,1430.81,0.0,1430.81,825.51,Debit Card
ORD-100604,2024-12-15,CUST-00488,West,Electronics,Mobile,iPhone Zeta,3,66881.3,0.1,180579.51,9481.38,Credit Card
ORD-100968,2024-12-15,CUST-00500,West,Beauty,Makeup,Matte Lipstick Set,2,1000.45,0.1,1800.81,759.92,UPI
ORD-100977,2024-12-15,CUST-00042,North,Fashion,Footwear,UrbanLoafers,1,3583.99,0.0,3583.99,1492.19,Cash on Delivery
ORD-100144,2024-12-16,CUST-00271,South,Electronics,Audio,SoundPods Pro,1,5248.01,0.1,4723.21,298.84,Cash on Delivery
ORD-100245,2024-12-16,CUST-00385,North,Sports,Fitness,ProYoga Mat,1,1238.39,0.15,1052.63,178.01,UPI
ORD-100495,2024-12-16,CUST-00312,East,Sports,Outdoor,TrailHike Backpack 60L,1,3330.13,0.0,3330.13,1225.01,UPI
ORD-101220,2024-12-16,CUST-00489,West,Home & Kitchen,Decor,Ceramic Vase Set,1,1507.17,0.05,1431.81,423.82,Debit Card
ORD-101340,2024-12-16,CUST-00355,East,Electronics,Mobile,iPhone Zeta,1,67926.27,0.0,67926.27,10874.88,Net Banking
ORD-101078,2024-12-17,CUST-00149,East,Electronics,Audio,BassBoom Speaker,3,8871.82,0.05,25284.69,3029.72,Net Banking
ORD-101147,2024-12-17,CUST-00382,East,Fashion,Footwear,UrbanLoafers,4,3576.25,0.25,10728.75,1351.07,Credit Card
ORD-100309,2024-12-18,CUST-00525,South,Fashion,Men,SlimFit Denim Jeans,1,2006.43,0.1,1805.79,615.34,Debit Card
ORD-100354,2024-12-18,CUST-00548,West,Electronics,Laptop,AirBook Slim,1,77447.25,0.0,77447.25,10843.19,Debit Card
ORD-100429,2024-12-18,CUST-00597,South,Sports,Fitness,ProYoga Mat,2,1308.13,0.05,2485.45,883.72,Cash on Delivery
ORD-100983,2024-12-18,CUST-00255,West,Electronics,Audio,BassBoom Speaker,1,9270.68,0.25,6953.01,-620.04,UPI
ORD-101227,2024-12-18,CUST-00121,North,Fashion,Footwear,RunFlex Sneakers,2,2854.3,0.1,5137.74,1698.03,UPI
ORD-101522,2024-12-18,CUST-00447,North,Sports,Outdoor,AllWeather Tent 4P,1,11852.41,0.25,8889.31,1026.64,UPI
ORD-101870,2024-12-18,CUST-00573,North,Beauty,Skincare,Vitamin C Serum,1,903.99,0.05,858.79,430.53,UPI
ORD-101964,2024-12-18,CUST-00053,East,Sports,Outdoor,TrailHike Backpack 60L,3,3376.18,0.15,8609.26,1741.05,Net Banking
ORD-100293,2024-12-19,CUST-00136,East,Home & Kitchen,Appliances,ColdBrew Coffee Maker,2,6585.17,0.25,9877.76,183.44,UPI
ORD-100688,2024-12-19,CUST-00541,South,Beauty,Skincare,HydraBoost Moisturizer,1,1238.73,0.0,1238.73,632.47,Credit Card
ORD-100872,2024-12-19,CUST-00198,East,Beauty,Makeup,HD Foundation Kit,1,1513.16,0.1,1361.84,545.2,Net Banking
ORD-101043,2024-12-19,CUST-00544,North,Fashion,Men,Oxford Casual Shirt,2,1312.19,0.1,2361.94,721.65,Credit Card
ORD-100179,2024-12-20,CUST-00448,North,Beauty,Makeup,HD Foundation Kit,1,1542.55,0.15,1311.17,514.82,Debit Card
ORD-100878,2024-12-20,CUST-00219,East,Beauty,Makeup,HD Foundation Kit,2,1442.07,0.0,2884.14,1678.51,UPI
ORD-100341,2024-12-21,CUST-00179,West,Home & Kitchen,Decor,Ceramic Vase Set,2,1502.86,0.0,3005.72,973.41,UPI
ORD-100353,2024-12-21,CUST-00233,East,Beauty,Skincare,HydraBoost Moisturizer,2,1206.67,0.1,2172.01,948.9,UPI
ORD-101335,2024-12-21,CUST-00055,East,Sports,Fitness,ProYoga Mat,3,1271.62,0.05,3624.12,1055.24,Credit Card
ORD-101551,2024-12-21,CUST-00119,South,Sports,Fitness,ProYoga Mat,2,1340.62,0.2,2144.99,277.03,UPI
ORD-101722,2024-12-21,CUST-00361,West,Beauty,Skincare,HydraBoost Moisturizer,2,1221.55,0.3,1710.17,398.93,UPI
ORD-100192,2024-12-22,CUST-00467,West,Fashion,Women,Floral Summer Dress,1,1874.66,0.0,1874.66,725.25,Debit Card
ORD-100498,2024-12-22,CUST-00513,North,Electronics,Mobile,iPhone Zeta,1,67792.5,0.25,50844.38,-6069.67,Debit Card
ORD-100953,2024-12-22,CUST-00336,West,Fashion,Men,SlimFit Denim Jeans,1,1904.29,0.0,1904.29,815.33,Debit Card
ORD-101525,2024-12-22,CUST-00171,North,Fashion,Men,SlimFit Denim Jeans,1,1996.82,0.05,1896.98,624.2,UPI
ORD-101809,2024-12-22,CUST-00031,West,Beauty,Skincare,HydraBoost Moisturizer,1,1167.99,0.1,1051.19,432.15,Debit Card
ORD-101291,2024-12-24,CUST-00068,West,Fashion,Men,Oxford Casual Shirt,1,1340.99,0.0,1340.99,530.35,Cash on Delivery
ORD-101507,2024-12-24,CUST-00183,North,Electronics,Laptop,ThinkPro 14,1,55436.55,0.1,49892.9,3375.72,Credit Card
ORD-100099,2024-12-25,CUST-00152,North,Home & Kitchen,Furniture,ErgoComfort Chair,3,9118.89,0.0,27356.67,9094.68,Debit Card
ORD-100244,2024-12-25,CUST-00104,South,Fashion,Men,SlimFit Denim Jeans,1,2043.06,0.15,1736.6,367.03,UPI
ORD-100586,2024-12-25,CUST-00218,West,Beauty,Makeup,Matte Lipstick Set,1,997.22,0.25,747.91,202.18,UPI
ORD-100701,2024-12-25,CUST-00253,North,Fashion,Women,Knit Winter Sweater,1,2230.64,0.05,2119.11,735.0,UPI
ORD-101085,2024-12-25,CUST-00503,East,Electronics,Laptop,AirBook Slim,3,79307.23,0.05,226025.61,20419.28,Credit Card
ORD-101158,2024-12-25,CUST-00399,East,Electronics,Audio,SoundPods Pro,5,4920.07,0.0,24600.35,4471.53,UPI
ORD-101863,2024-12-25,CUST-00166,South,Home & Kitchen,Furniture,ErgoComfort Chair,1,8973.54,0.0,8973.54,2723.29,UPI
ORD-100074,2024-12-26,CUST-00195,East,Home & Kitchen,Furniture,Oakwood Study Desk,4,13431.66,0.15,45667.64,8664.74,UPI
ORD-100748,2024-12-26,CUST-00437,South,Electronics,Laptop,AirBook Slim,1,80573.59,0.2,64458.87,-2455.05,UPI
ORD-101948,2024-12-26,CUST-00360,North,Electronics,Laptop,AirBook Slim,1,79565.08,0.1,71608.57,7251.93,Cash on Delivery
ORD-100122,2024-12-27,CUST-00446,East,Electronics,Mobile,Pixel Aura 12,2,33337.64,0.05,63341.52,7384.94,UPI
ORD-101046,2024-12-27,CUST-00473,East,Home & Kitchen,Decor,LED Wall Lamp,2,1048.86,0.05,1992.83,493.67,UPI
ORD-101895,2024-12-27,CUST-00439,South,Sports,Outdoor,AllWeather Tent 4P,2,11808.01,0.2,18892.82,2396.08,UPI
ORD-101107,2024-12-28,CUST-00156,North,Electronics,Mobile,Galaxy Nova X5,1,24441.96,0.1,21997.76,1306.32,Credit Card
ORD-101436,2024-12-28,CUST-00567,North,Electronics,Audio,SoundPods Pro,3,4768.33,0.0,14304.99,2018.9,UPI
ORD-101508,2024-12-28,CUST-00097,South,Electronics,Audio,SoundPods Pro,2,5096.95,0.05,9684.2,1435.76,Debit Card
ORD-100952,2024-12-29,CUST-00591,East,Electronics,Mobile,Galaxy Nova X5,1,25887.9,0.0,25887.9,4834.57,Credit Card
ORD-101207,2024-12-29,CUST-00539,West,Home & Kitchen,Furniture,ErgoComfort Chair,2,9316.63,0.0,18633.26,5759.64,UPI
ORD-101610,2024-12-29,CUST-00053,West,Electronics,Audio,BassBoom Speaker,2,8590.07,0.1,15462.13,1313.31,Debit Card
ORD-101462,2024-12-30,CUST-00118,East,Electronics,Laptop,AirBook Slim,2,78062.87,0.2,124900.59,-10600.68,UPI
ORD-101563,2024-12-30,CUST-00138,North,Electronics,Mobile,iPhone Zeta,1,68350.58,0.0,68350.58,10481.47,UPI
ORD-101603,2024-12-30,CUST-00263,West,Sports,Outdoor,TrailHike Backpack 60L,4,3441.71,0.0,13766.84,5382.5,Credit Card
ORD-101771,2024-12-30,CUST-00461,North,Electronics,Audio,SoundPods Pro,2,4790.88,0.0,9581.76,1648.66,UPI
ORD-101941,2024-12-30,CUST-00107,West,Fashion,Men,SlimFit Denim Jeans,2,1983.45,0.0,3966.9,1581.3,Debit Card
ORD-101028,2024-12-31,CUST-00155,North,Electronics,Audio,SoundPods Pro,3,4753.38,0.0,14260.14,2980.08,Net Banking
ORD-101139,2024-12-31,CUST-00090,West,Sports,Fitness,ProYoga Mat,5,1257.12,0.0,6285.6,2204.23,UPI
ORD-101179,2024-12-31,CUST-00484,West,Sports,Fitness,ProYoga Mat,1,1333.31,0.05,1266.64,383.28,Credit Card
ORD-101429,2024-12-31,CUST-00450,South,Sports,Outdoor,TrailHike Backpack 60L,2,3437.39,0.05,6531.04,1943.4,UPI
ORD-101617,2024-12-31,CUST-00122,West,Sports,Outdoor,AllWeather Tent 4P,3,12198.64,0.0,36595.92,12500.94,Credit Card
ORD-100755,2025-01-01,CUST-00228,South,Sports,Fitness,ProYoga Mat,1,1353.64,0.15,1150.59,199.97,Debit Card
ORD-100795,2025-01-01,CUST-00438,East,Sports,Fitness,Adjustable Dumbbell 24kg,3,9595.08,0.2,23028.19,3503.18,Credit Card
ORD-101518,2025-01-01,CUST-00100,East,Home & Kitchen,Appliances,ColdBrew Coffee Maker,2,6558.9,0.05,12461.91,3764.18,Credit Card
ORD-101883,2025-01-01,CUST-00155,South,Home & Kitchen,Furniture,Oakwood Study Desk,1,12552.99,0.0,12552.99,3685.72,Cash on Delivery
ORD-101930,2025-01-01,CUST-00092,South,Home & Kitchen,Appliances,ColdBrew Coffee Maker,3,6306.18,0.25,14188.91,397.17,Debit Card
ORD-101966,2025-01-01,CUST-00226,West,Electronics,Audio,SoundPods Pro,2,4788.24,0.05,9097.66,1234.96,UPI
ORD-100081,2025-01-02,CUST-00283,West,Electronics,Audio,BassBoom Speaker,1,8761.53,0.05,8323.45,928.19,UPI
ORD-100430,2025-01-02,CUST-00289,West,Electronics,Audio,BassBoom Speaker,3,8605.21,0.2,20652.5,-369.97,UPI
ORD-101388,2025-01-02,CUST-00250,West,Home & Kitchen,Appliances,AirFryer Deluxe,4,7868.46,0.4,18884.3,-2280.66,Cash on Delivery
ORD-101858,2025-01-02,CUST-00290,North,Home & Kitchen,Decor,Ceramic Vase Set,4,1505.42,0.05,5720.6,1652.58,Credit Card
ORD-100220,2025-01-03,CUST-00581,North,Electronics,Laptop,AirBook Slim,1,80676.33,0.0,80676.33,15016.46,Credit Card
ORD-100491,2025-01-04,CUST-00365,South,Electronics,Laptop,ThinkPro 14,2,54784.75,0.0,109569.5,21416.74,UPI
ORD-101363,2025-01-04,CUST-00322,West,Fashion,Women,Knit Winter Sweater,1,2203.83,0.3,1542.68,122.99,UPI
ORD-101412,2025-01-05,CUST-00311,South,Sports,Outdoor,AllWeather Tent 4P,4,11447.74,0.2,36632.77,4714.98,UPI
ORD-101601,2025-01-05,CUST-00423,East,Beauty,Makeup,HD Foundation Kit,3,1552.4,0.05,4424.34,2097.42,Credit Card
ORD-101860,2025-01-05,CUST-00027,North,Beauty,Makeup,Matte Lipstick Set,3,1012.8,0.0,3038.4,1570.59,UPI
ORD-100462,2025-01-07,CUST-00446,West,Electronics,Mobile,iPhone Zeta,3,69981.6,0.25,157458.6,-21212.7,UPI
ORD-100561,2025-01-07,CUST-00142,East,Electronics,Mobile,Pixel Aura 12,1,32806.01,0.0,32806.01,5920.56,UPI
ORD-101989,2025-01-07,CUST-00484,East,Home & Kitchen,Furniture,Oakwood Study Desk,3,12453.7,0.1,33624.99,6596.77,UPI
ORD-101417,2025-01-08,CUST-00231,South,Beauty,Makeup,Matte Lipstick Set,3,1045.19,0.15,2665.23,959.59,Cash on Delivery
ORD-101716,2025-01-08,CUST-00003,North,Fashion,Footwear,RunFlex Sneakers,2,2969.7,0.2,4751.52,762.79,Credit Card
ORD-101926,2025-01-08,CUST-00470,West,Fashion,Women,Knit Winter Sweater,1,2169.68,0.1,1952.71,542.69,UPI
ORD-100077,2025-01-09,CUST-00405,North,Home & Kitchen,Appliances,ColdBrew Coffee Maker,3,6222.99,0.05,17735.52,5193.53,Credit Card
ORD-101198,2025-01-09,CUST-00175,North,Electronics,Laptop,AirBook Slim,1,79496.71,0.05,75521.87,7655.21,UPI
ORD-101246,2025-01-09,CUST-00344,East,Sports,Fitness,ProYoga Mat,2,1263.14,0.0,2526.28,929.53,UPI
ORD-100883,2025-01-10,CUST-00413,North,Home & Kitchen,Furniture,Oakwood Study Desk,1,13518.53,0.1,12166.68,3002.97,Cash on Delivery
ORD-101411,2025-01-10,CUST-00378,South,Sports,Fitness,ProYoga Mat,2,1260.42,0.15,2142.71,379.22,Credit Card
ORD-100090,2025-01-11,CUST-00286,North,Electronics,Laptop,AirBook Slim,1,76729.67,0.1,69056.7,5354.58,UPI
ORD-100502,2025-01-11,CUST-00504,West,Sports,Fitness,Adjustable Dumbbell 24kg,1,9687.82,0.2,7750.26,895.69,Credit Card
ORD-101204,2025-01-12,CUST-00192,West,Sports,Outdoor,AllWeather Tent 4P,1,11847.41,0.25,8885.56,673.07,UPI
ORD-101270,2025-01-12,CUST-00072,East,Home & Kitchen,Appliances,ColdBrew Coffee Maker,1,6412.1,0.0,6412.1,2123.85,UPI
ORD-101854,2025-01-12,CUST-00302,North,Home & Kitchen,Furniture,Oakwood Study Desk,1,13455.37,0.1,12109.83,2408.96,Credit Card
ORD-100021,2025-01-13,CUST-00449,South,Sports,Outdoor,TrailHike Backpack 60L,1,3521.04,0.1,3168.94,738.36,Credit Card
ORD-101032,2025-01-13,CUST-00139,West,Sports,Fitness,Adjustable Dumbbell 24kg,4,10445.56,0.3,29247.57,1179.92,Cash on Delivery
ORD-101334,2025-01-13,CUST-00415,East,Beauty,Makeup,HD Foundation Kit,2,1452.87,0.3,2034.02,418.02,Credit Card
ORD-101916,2025-01-13,CUST-00246,South,Fashion,Women,Floral Summer Dress,1,1721.1,0.1,1548.99,453.58,Debit Card
ORD-100134,2025-01-14,CUST-00109,West,Fashion,Women,Floral Summer Dress,1,1841.13,0.15,1564.96,432.5,UPI
ORD-100920,2025-01-14,CUST-00399,South,Electronics,Audio,BassBoom Speaker,4,8773.97,0.05,33341.09,4269.14,UPI
ORD-101742,2025-01-14,CUST-00506,South,Beauty,Skincare,HydraBoost Moisturizer,3,1230.42,0.2,2953.01,920.9,Net Banking
ORD-101973,2025-01-14,CUST-00478,North,Electronics,Audio,SoundPods Pro,2,4867.8,0.15,8275.26,-105.88,UPI
ORD-100869,2025-01-15,CUST-00170,East,Sports,Outdoor,TrailHike Backpack 60L,1,3427.0,0.05,3255.65,1159.85,Credit Card
ORD-100256,2025-01-16,CUST-00311,East,Sports,Fitness,Adjustable Dumbbell 24kg,1,9830.51,0.2,7864.41,1014.56,Net Banking
ORD-100260,2025-01-16,CUST-00457,North,Electronics,Laptop,ThinkPro 14,1,55027.19,0.2,44021.75,-1724.21,UPI
ORD-101366,2025-01-16,CUST-00047,South,Sports,Fitness,Adjustable Dumbbell 24kg,2,10415.21,0.05,19788.9,5756.96,Credit Card
ORD-100395,2025-01-17,CUST-00397,East,Beauty,Makeup,Matte Lipstick Set,2,951.66,0.0,1903.32,982.79,UPI
ORD-100948,2025-01-17,CUST-00448,North,Fashion,Men,Oxford Casual Shirt,1,1337.72,0.15,1137.06,311.59,Cash on Delivery
ORD-101092,2025-01-17,CUST-00490,East,Sports,Outdoor,TrailHike Backpack 60L,4,3366.39,0.2,10772.45,1324.58,Credit Card
ORD-101475,2025-01-17,CUST-00424,North,Sports,Fitness,ProYoga Mat,1,1358.44,0.15,1154.67,254.55,UPI
ORD-101566,2025-01-17,CUST-00508,South,Electronics,Audio,BassBoom Speaker,1,8779.21,0.05,8340.25,1310.79,UPI
ORD-101820,2025-01-17,CUST-00062,South,Electronics,Laptop,ThinkPro 14,2,54673.47,0.0,109346.94,21000.14,Credit Card
ORD-100613,2025-01-18,CUST-00087,South,Beauty,Skincare,Vitamin C Serum,1,931.65,0.0,931.65,504.65,Net Banking
ORD-100646,2025-01-18,CUST-00426,West,Electronics,Laptop,ThinkPro 14,2,57287.68,0.0,114575.36,16078.87,Debit Card
ORD-100833,2025-01-18,CUST-00302,East,Beauty,Makeup,HD Foundation Kit,1,1466.48,0.05,1393.16,633.16,UPI
ORD-100886,2025-01-18,CUST-00253,East,Fashion,Footwear,RunFlex Sneakers,1,3138.68,0.1,2824.81,921.84,UPI
ORD-100896,2025-01-18,CUST-00164,North,Fashion,Men,SlimFit Denim Jeans,1,1946.26,0.0,1946.26,771.24,UPI
ORD-101994,2025-01-18,CUST-00524,North,Electronics,Laptop,ThinkPro 14,1,56534.22,0.05,53707.51,7370.59,Credit Card
ORD-100645,2025-01-19,CUST-00493,South,Sports,Fitness,Adjustable Dumbbell 24kg,2,10225.63,0.0,20451.26,7374.38,Credit Card
ORD-101036,2025-01-19,CUST-00525,East,Beauty,Skincare,Vitamin C Serum,1,896.31,0.0,896.31,484.97,UPI
ORD-101239,2025-01-20,CUST-00224,South,Fashion,Women,Floral Summer Dress,3,1766.21,0.3,3709.04,268.6,Cash on Delivery
ORD-100512,2025-01-21,CUST-00331,North,Beauty,Makeup,Matte Lipstick Set,1,1005.8,0.2,804.64,283.32,Credit Card
ORD-101005,2025-01-21,CUST-00025,East,Beauty,Makeup,Matte Lipstick Set,1,1025.33,0.0,1025.33,546.95,UPI
ORD-101925,2025-01-21,CUST-00241,East,Beauty,Makeup,HD Foundation Kit,3,1492.29,0.05,4253.03,2025.21,Debit Card
ORD-100002,2025-01-22,CUST-00301,West,Home & Kitchen,Furniture,Oakwood Study Desk,4,12469.61,0.05,47384.52,11383.53,Credit Card
ORD-100684,2025-01-22,CUST-00274,North,Fashion,Women,Knit Winter Sweater,1,2091.14,0.0,2091.14,880.55,UPI
ORD-100857,2025-01-23,CUST-00342,North,Beauty,Skincare,Vitamin C Serum,4,883.69,0.1,3181.28,1410.57,Debit Card
ORD-101354,2025-01-23,CUST-00031,South,Electronics,Mobile,Galaxy Nova X5,1,23754.33,0.0,23754.33,3445.39,Credit Card
ORD-101357,2025-01-23,CUST-00077,West,Electronics,Mobile,Galaxy Nova X5,2,24891.61,0.4,29869.93,-7762.37,UPI
ORD-101855,2025-01-23,CUST-00592,South,Sports,Fitness,ProYoga Mat,1,1244.4,0.15,1057.74,254.85,Credit Card
ORD-100038,2025-01-24,CUST-00361,East,Home & Kitchen,Appliances,ColdBrew Coffee Maker,1,6447.1,0.0,6447.1,2336.35,Credit Card
ORD-101110,2025-01-24,CUST-00279,South,Home & Kitchen,Decor,LED Wall Lamp,1,1033.69,0.0,1033.69,333.55,UPI
ORD-101315,2025-01-24,CUST-00307,South,Beauty,Skincare,Vitamin C Serum,3,858.26,0.0,2574.78,1410.84,UPI
ORD-101416,2025-01-24,CUST-00206,South,Beauty,Makeup,Matte Lipstick Set,2,963.79,0.25,1445.68,349.43,Debit Card
ORD-101571,2025-01-24,CUST-00522,North,Fashion,Footwear,UrbanLoafers,1,3336.16,0.15,2835.74,690.84,UPI
ORD-101535,2025-01-25,CUST-00491,North,Beauty,Skincare,Vitamin C Serum,1,886.08,0.2,708.86,237.36,UPI
ORD-101906,2025-01-25,CUST-00522,North,Fashion,Women,Knit Winter Sweater,3,2133.81,0.2,5121.14,1174.93,Debit Card
ORD-101912,2025-01-25,CUST-00113,North,Home & Kitchen,Appliances,AirFryer Deluxe,1,7880.83,0.05,7486.79,1770.59,Credit Card
ORD-100379,2025-01-26,CUST-00537,West,Electronics,Audio,BassBoom Speaker,1,9242.78,0.0,9242.78,1551.26,UPI
ORD-100672,2025-01-26,CUST-00456,East,Fashion,Women,Knit Winter Sweater,1,2126.98,0.1,1914.28,621.41,Cash on Delivery
ORD-100824,2025-01-26,CUST-00046,South,Home & Kitchen,Decor,LED Wall Lamp,1,955.02,0.3,668.51,8.94,UPI
ORD-100033,2025-01-28,CUST-00250,East,Home & Kitchen,Furniture,Oakwood Study Desk,1,13628.07,0.0,13628.07,4618.58,Credit Card
ORD-100524,2025-01-28,CUST-00372,East,Home & Kitchen,Furniture,Oakwood Study Desk,3,13572.06,0.1,36644.56,8437.58,UPI
ORD-100928,2025-01-28,CUST-00234,North,Beauty,Makeup,HD Foundation Kit,2,1447.2,0.1,2604.96,1196.76,Credit Card
ORD-100007,2025-01-29,CUST-00480,East,Beauty,Makeup,Matte Lipstick Set,2,964.32,0.2,1542.91,451.76,Credit Card
ORD-101505,2025-01-29,CUST-00045,West,Beauty,Makeup,HD Foundation Kit,2,1565.1,0.15,2660.67,902.19,Credit Card
ORD-101967,2025-01-29,CUST-00144,North,Sports,Fitness,Adjustable Dumbbell 24kg,1,10344.17,0.0,10344.17,3861.05,Credit Card
ORD-100120,2025-01-30,CUST-00192,West,Home & Kitchen,Decor,Ceramic Vase Set,3,1442.71,0.05,4111.72,1077.03,Debit Card
ORD-100735,2025-01-31,CUST-00077,West,Home & Kitchen,Decor,Ceramic Vase Set,1,1552.36,0.05,1474.74,393.71,Debit Card
ORD-100296,2025-02-02,CUST-00295,East,Electronics,Audio,BassBoom Speaker,1,8871.83,0.1,7984.65,488.72,Credit Card
ORD-100696,2025-02-02,CUST-00111,West,Beauty,Makeup,Matte Lipstick Set,1,1037.14,0.15,881.57,332.92,Debit Card
ORD-101210,2025-02-02,CUST-00513,East,Electronics,Audio,SoundPods Pro,4,5054.93,0.25,15164.79,-1624.29,UPI
ORD-101741,2025-02-02,CUST-00359,East,Beauty,Makeup,HD Foundation Kit,4,1437.63,0.0,5750.52,3189.21,UPI
ORD-101845,2025-02-02,CUST-00359,North,Sports,Fitness,Adjustable Dumbbell 24kg,2,9717.48,0.1,17491.46,4244.37,UPI
ORD-100017,2025-02-03,CUST-00466,North,Electronics,Mobile,Galaxy Nova X5,1,24283.4,0.05,23069.23,2643.35,UPI
ORD-101175,2025-02-03,CUST-00492,East,Sports,Fitness,Adjustable Dumbbell 24kg,3,10085.48,0.1,27230.8,6884.69,Credit Card
ORD-101250,2025-02-03,CUST-00553,West,Beauty,Makeup,Matte Lipstick Set,2,984.71,0.05,1870.95,873.4,UPI
ORD-101253,2025-02-03,CUST-00340,West,Electronics,Laptop,ThinkPro 14,2,54276.76,0.15,92270.49,2135.15,Credit Card
ORD-100191,2025-02-04,CUST-00513,East,Electronics,Mobile,Galaxy Nova X5,1,25045.99,0.05,23793.69,3067.99,Credit Card
ORD-100509,2025-02-04,CUST-00387,West,Sports,Fitness,Adjustable Dumbbell 24kg,2,10071.2,0.1,18128.16,4769.03,Credit Card
ORD-100621,2025-02-04,CUST-00396,South,Fashion,Men,Oxford Casual Shirt,2,1352.75,0.15,2299.67,582.76,UPI
ORD-101093,2025-02-04,CUST-00062,South,Electronics,Audio,SoundPods Pro,2,4768.92,0.0,9537.84,1489.77,Debit Card
ORD-100667,2025-02-05,CUST-00164,North,Home & Kitchen,Appliances,ColdBrew Coffee Maker,2,6363.49,0.0,12726.98,4674.87,Debit Card
ORD-101274,2025-02-05,CUST-00187,East,Beauty,Skincare,HydraBoost Moisturizer,1,1236.97,0.0,1236.97,715.45,UPI
ORD-101662,2025-02-05,CUST-00163,East,Beauty,Skincare,HydraBoost Moisturizer,1,1232.59,0.0,1232.59,714.89,UPI
ORD-100187,2025-02-06,CUST-00578,South,Sports,Outdoor,AllWeather Tent 4P,2,12560.27,0.1,22608.49,6501.25,UPI
ORD-100289,2025-02-06,CUST-00196,North,Electronics,Mobile,Galaxy Nova X5,1,25605.25,0.2,20484.2,-1172.99,UPI
ORD-100548,2025-02-06,CUST-00427,South,Home & Kitchen,Decor,LED Wall Lamp,2,950.68,0.15,1616.16,285.64,Debit Card
ORD-100589,2025-02-06,CUST-00080,East,Electronics,Audio,BassBoom Speaker,1,8705.22,0.0,8705.22,1605.79,Credit Card
ORD-101420,2025-02-06,CUST-00515,South,Beauty,Makeup,HD Foundation Kit,4,1460.02,0.05,5548.08,2675.05,Net Banking
ORD-100484,2025-02-07,CUST-00326,West,Beauty,Skincare,HydraBoost Moisturizer,1,1240.9,0.0,1240.9,700.07,Cash on Delivery
ORD-101012,2025-02-08,CUST-00460,East,Sports,Outdoor,AllWeather Tent 4P,1,12379.04,0.25,9284.28,850.04,Credit Card
ORD-101330,2025-02-08,CUST-00322,South,Home & Kitchen,Furniture,ErgoComfort Chair,3,8651.09,0.0,25953.27,8511.59,Debit Card
ORD-100592,2025-02-09,CUST-00285,North,Fashion,Women,Knit Winter Sweater,1,2243.87,0.05,2131.68,790.82,Cash on Delivery
ORD-100751,2025-02-09,CUST-00384,West,Beauty,Makeup,Matte Lipstick Set,1,961.48,0.05,913.41,484.02,UPI
ORD-100895,2025-02-09,CUST-00001,North,Fashion,Men,Oxford Casual Shirt,3,1245.79,0.0,3737.37,1657.26,UPI
ORD-101240,2025-02-09,CUST-00045,East,Sports,Fitness,Adjustable Dumbbell 24kg,1,10224.96,0.1,9202.46,2194.75,UPI
ORD-101347,2025-02-09,CUST-00518,East,Home & Kitchen,Furniture,ErgoComfort Chair,1,9325.86,0.2,7460.69,917.87,Credit Card
ORD-100206,2025-02-11,CUST-00440,East,Home & Kitchen,Decor,LED Wall Lamp,1,1026.39,0.0,1026.39,357.82,Credit Card
ORD-100732,2025-02-11,CUST-00323,South,Beauty,Skincare,HydraBoost Moisturizer,1,1252.18,0.05,1189.57,539.09,UPI
ORD-101013,2025-02-11,CUST-00294,North,Fashion,Footwear,RunFlex Sneakers,1,2896.71,0.0,2896.71,1284.1,Credit Card
ORD-101319,2025-02-11,CUST-00047,East,Beauty,Skincare,HydraBoost Moisturizer,2,1232.46,0.05,2341.67,1145.82,Debit Card
ORD-100006,2025-02-12,CUST-00142,East,Sports,Outdoor,TrailHike Backpack 60L,1,3520.47,0.0,3520.47,1270.96,Net Banking
ORD-101568,2025-02-12,CUST-00174,South,Electronics,Mobile,Pixel Aura 12,1,33617.87,0.05,31936.98,3184.4,UPI
ORD-101792,2025-02-12,CUST-00244,North,Fashion,Women,Floral Summer Dress,1,1788.8,0.1,1609.92,453.08,UPI
ORD-101817,2025-02-12,CUST-00185,North,Home & Kitchen,Decor,Ceramic Vase Set,2,1548.73,0.3,2168.22,16.36,UPI
ORD-101142,2025-02-14,CUST-00241,South,Electronics,Laptop,AirBook Slim,2,81450.11,0.1,146610.2,7872.99,UPI
ORD-100139,2025-02-15,CUST-00047,North,Fashion,Men,Oxford Casual Shirt,1,1306.51,0.4,783.91,-39.78,Credit Card
ORD-100456,2025-02-15,CUST-00590,South,Electronics,Mobile,Pixel Aura 12,2,31557.31,0.1,56803.16,2340.93,Debit Card
ORD-101010,2025-02-15,CUST-00146,West,Fashion,Footwear,RunFlex Sneakers,4,2921.14,0.0,11684.56,5200.69,Cash on Delivery
ORD-101826,2025-02-15,CUST-00256,North,Sports,Fitness,ProYoga Mat,1,1329.99,0.0,1329.99,512.46,Cash on Delivery
ORD-101859,2025-02-15,CUST-00373,South,Beauty,Skincare,Vitamin C Serum,1,943.09,0.0,943.09,533.85,Credit Card
ORD-101376,2025-02-16,CUST-00188,North,Beauty,Skincare,Vitamin C Serum,4,860.41,0.15,2925.39,1047.66,UPI
ORD-101583,2025-02-16,CUST-00114,North,Electronics,Laptop,AirBook Slim,1,76769.68,0.0,76769.68,11122.14,Credit Card
ORD-100274,2025-02-17,CUST-00230,South,Beauty,Makeup,HD Foundation Kit,3,1475.43,0.4,2655.77,324.3,UPI
ORD-100671,2025-02-17,CUST-00122,South,Fashion,Men,SlimFit Denim Jeans,1,2087.97,0.05,1983.57,658.32,UPI
ORD-100942,2025-02-17,CUST-00419,South,Sports,Outdoor,AllWeather Tent 4P,1,11823.73,0.05,11232.54,3842.84,Credit Card
ORD-101446,2025-02-17,CUST-00581,East,Fashion,Footwear,RunFlex Sneakers,1,2997.84,0.2,2398.27,385.83,UPI
ORD-101832,2025-02-17,CUST-00341,East,Home & Kitchen,Appliances,ColdBrew Coffee Maker,1,6324.86,0.05,6008.62,1591.57,UPI
ORD-101112,2025-02-18,CUST-00298,North,Fashion,Footwear,RunFlex Sneakers,2,2962.31,0.1,5332.16,1749.19,UPI
ORD-101360,2025-02-18,CUST-00471,South,Home & Kitchen,Appliances,AirFryer Deluxe,1,7834.38,0.1,7050.94,1313.35,Credit Card
ORD-101718,2025-02-18,CUST-00054,South,Sports,Outdoor,TrailHike Backpack 60L,2,3661.48,0.05,6956.81,2330.75,Credit Card
ORD-100175,2025-02-19,CUST-00250,South,Beauty,Skincare,Vitamin C Serum,1,927.34,0.1,834.61,347.52,UPI
ORD-100470,2025-02-19,CUST-00380,East,Electronics,Mobile,Pixel Aura 12,2,32864.64,0.0,65729.28,12201.36,Cash on Delivery
ORD-100929,2025-02-19,CUST-00175,East,Electronics,Mobile,iPhone Zeta,1,68314.97,0.1,61483.47,5084.14,Cash on Delivery
ORD-101137,2025-02-19,CUST-00241,South,Fashion,Women,Knit Winter Sweater,5,2170.5,0.05,10309.88,3578.98,Cash on Delivery
ORD-100014,2025-02-20,CUST-00100,South,Home & Kitchen,Appliances,ColdBrew Coffee Maker,1,6782.04,0.0,6782.04,2276.62,Debit Card
ORD-100048,2025-02-20,CUST-00247,West,Home & Kitchen,Decor,LED Wall Lamp,3,976.65,0.15,2490.46,294.65,UPI
ORD-100584,2025-02-20,CUST-00513,East,Fashion,Men,Oxford Casual Shirt,2,1247.24,0.1,2245.03,731.97,UPI
ORD-100681,2025-02-20,CUST-00092,South,Fashion,Women,Knit Winter Sweater,1,2143.47,0.3,1500.43,84.94,Credit Card
ORD-101321,2025-02-20,CUST-00560,West,Fashion,Men,Oxford Casual Shirt,1,1247.33,0.1,1122.6,310.27,UPI
ORD-101573,2025-02-20,CUST-00149,South,Sports,Fitness,ProYoga Mat,1,1242.94,0.4,745.76,-39.72,UPI
ORD-101077,2025-02-21,CUST-00443,East,Sports,Fitness,Adjustable Dumbbell 24kg,1,10266.29,0.4,6159.77,-666.42,Net Banking
ORD-101709,2025-02-21,CUST-00354,South,Home & Kitchen,Furniture,ErgoComfort Chair,1,9056.3,0.3,6339.41,-283.34,UPI
ORD-101835,2025-02-21,CUST-00591,East,Home & Kitchen,Decor,LED Wall Lamp,2,982.82,0.1,1769.08,389.01,Credit Card
ORD-101931,2025-02-21,CUST-00150,South,Beauty,Skincare,Vitamin C Serum,1,905.31,0.05,860.04,445.46,Cash on Delivery
ORD-100055,2025-02-22,CUST-00482,South,Beauty,Skincare,Vitamin C Serum,2,861.35,0.0,1722.7,911.63,UPI
ORD-100839,2025-02-22,CUST-00152,South,Beauty,Skincare,HydraBoost Moisturizer,2,1211.65,0.1,2180.97,1000.34,UPI
ORD-101024,2025-02-22,CUST-00315,North,Sports,Outdoor,AllWeather Tent 4P,1,12266.95,0.05,11653.6,3484.11,UPI
ORD-100856,2025-02-23,CUST-00171,West,Sports,Outdoor,AllWeather Tent 4P,4,12272.8,0.0,49091.2,18025.67,UPI
ORD-100066,2025-02-24,CUST-00485,East,Home & Kitchen,Decor,LED Wall Lamp,1,967.9,0.05,919.5,265.09,UPI
ORD-100109,2025-02-24,CUST-00244,North,Beauty,Makeup,Matte Lipstick Set,1,1026.08,0.2,820.86,282.97,Credit Card
ORD-100974,2025-02-24,CUST-00493,East,Electronics,Mobile,Pixel Aura 12,2,32037.92,0.1,57668.26,4825.5,UPI
ORD-101670,2025-02-24,CUST-00266,West,Electronics,Laptop,AirBook Slim,2,80368.03,0.2,128588.85,-9458.11,UPI
ORD-101897,2025-02-24,CUST-00452,East,Home & Kitchen,Decor,Ceramic Vase Set,5,1497.35,0.25,5615.06,388.86,UPI
ORD-101862,2025-02-25,CUST-00061,North,Beauty,Makeup,Matte Lipstick Set,1,1000.19,0.15,850.16,339.84,UPI
ORD-100172,2025-02-26,CUST-00237,South,Fashion,Men,Oxford Casual Shirt,1,1362.69,0.2,1090.15,247.01,Debit Card
ORD-101025,2025-02-26,CUST-00223,West,Fashion,Women,Floral Summer Dress,1,1790.42,0.1,1611.38,543.64,Net Banking
ORD-101123,2025-02-26,CUST-00307,West,Fashion,Footwear,UrbanLoafers,1,3349.74,0.0,3349.74,1539.46,UPI
ORD-101295,2025-02-26,CUST-00130,South,Electronics,Mobile,iPhone Zeta,2,71549.81,0.05,135944.64,12143.92,Credit Card
ORD-101374,2025-02-26,CUST-00264,South,Beauty,Makeup,HD Foundation Kit,1,1543.59,0.1,1389.23,606.75,Credit Card
ORD-100349,2025-02-27,CUST-00024,North,Sports,Fitness,ProYoga Mat,1,1275.21,0.0,1275.21,463.29,Credit Card
ORD-100112,2025-02-28,CUST-00515,West,Home & Kitchen,Decor,Ceramic Vase Set,3,1560.53,0.0,4681.59,1663.54,Cash on Delivery
ORD-100752,2025-02-28,CUST-00027,West,Fashion,Footwear,UrbanLoafers,1,3431.61,0.1,3088.45,1041.47,Credit Card
ORD-101211,2025-02-28,CUST-00131,East,Sports,Fitness,ProYoga Mat,4,1237.5,0.0,4950.0,2004.03,UPI
ORD-101686,2025-02-28,CUST-00174,South,Sports,Outdoor,TrailHike Backpack 60L,1,3533.22,0.05,3356.56,1170.15,Debit Card
ORD-100216,2025-03-01,CUST-00412,East,Electronics,Laptop,ThinkPro 14,1,56590.07,0.0,56590.07,10216.14,Credit Card
ORD-100634,2025-03-01,CUST-00335,North,Home & Kitchen,Furniture,Oakwood Study Desk,1,13384.97,0.2,10707.98,1353.87,UPI
ORD-101680,2025-03-01,CUST-00425,West,Sports,Fitness,Adjustable Dumbbell 24kg,2,10251.42,0.0,20502.84,8354.07,UPI
ORD-101810,2025-03-01,CUST-00080,North,Beauty,Makeup,Matte Lipstick Set,1,990.57,0.2,792.46,250.57,Debit Card
ORD-100726,2025-03-02,CUST-00187,North,Beauty,Skincare,HydraBoost Moisturizer,3,1142.67,0.2,2742.41,848.01,UPI
ORD-101152,2025-03-02,CUST-00314,North,Fashion,Women,Floral Summer Dress,1,1881.51,0.05,1787.43,691.18,Debit Card
ORD-101264,2025-03-02,CUST-00333,West,Fashion,Footwear,UrbanLoafers,1,3651.27,0.2,2921.02,568.41,Debit Card
ORD-101413,2025-03-02,CUST-00310,North,Beauty,Makeup,HD Foundation Kit,1,1568.75,0.0,1568.75,849.2,UPI
ORD-100170,2025-03-03,CUST-00201,West,Home & Kitchen,Decor,Ceramic Vase Set,2,1445.92,0.0,2891.84,898.96,Credit Card
ORD-100905,2025-03-03,CUST-00333,North,Beauty,Makeup,HD Foundation Kit,1,1539.0,0.1,1385.1,549.72,UPI
ORD-101492,2025-03-03,CUST-00412,South,Fashion,Men,SlimFit Denim Jeans,4,1914.3,0.0,7657.2,3368.67,Net Banking
ORD-100135,2025-03-04,CUST-00164,West,Home & Kitchen,Furniture,ErgoComfort Chair,1,8675.83,0.05,8242.04,1949.64,Net Banking
ORD-100189,2025-03-04,CUST-00369,South,Home & Kitchen,Appliances,AirFryer Deluxe,2,7658.21,0.15,13018.96,2561.56,UPI
ORD-100266,2025-03-04,CUST-00037,West,Fashion,Men,Oxford Casual Shirt,2,1327.74,0.1,2389.93,758.64,UPI
ORD-100460,2025-03-04,CUST-00242,West,Fashion,Footwear,RunFlex Sneakers,2,3032.6,0.15,5155.42,1106.05,UPI
ORD-101955,2025-03-04,CUST-00527,South,Beauty,Makeup,Matte Lipstick Set,1,1042.93,0.05,990.78,465.68,UPI
ORD-100234,2025-03-05,CUST-00539,North,Fashion,Men,SlimFit Denim Jeans,2,2075.52,0.05,3943.49,1422.9,UPI
ORD-100402,2025-03-05,CUST-00457,North,Electronics,Mobile,Pixel Aura 12,2,31844.33,0.1,57319.79,5417.03,Debit Card
ORD-100564,2025-03-05,CUST-00567,South,Beauty,Skincare,Vitamin C Serum,1,923.49,0.05,877.32,427.45,UPI
ORD-101178,2025-03-05,CUST-00002,South,Home & Kitchen,Furniture,Oakwood Study Desk,2,12353.43,0.3,17294.8,375.12,Credit Card
ORD-100750,2025-03-06,CUST-00466,South,Beauty,Makeup,Matte Lipstick Set,1,1041.68,0.15,885.43,305.89,Credit Card
ORD-101622,2025-03-06,CUST-00160,West,Fashion,Footwear,UrbanLoafers,1,3356.76,0.1,3021.08,879.34,Net Banking
ORD-100574,2025-03-07,CUST-00313,North,Electronics,Audio,SoundPods Pro,1,4936.24,0.05,4689.43,497.17,UPI
ORD-101701,2025-03-07,CUST-00271,North,Electronics,Audio,SoundPods Pro,1,4869.08,0.2,3895.26,-313.16,Debit Card
ORD-100000,2025-03-08,CUST-00096,West,Electronics,Mobile,iPhone Zeta,1,71654.27,0.0,71654.27,13910.67,UPI
ORD-100742,2025-03-09,CUST-00181,North,Beauty,Skincare,HydraBoost Moisturizer,1,1233.72,0.15,1048.66,436.02,UPI
ORD-101510,2025-03-09,CUST-00312,North,Sports,Outdoor,TrailHike Backpack 60L,2,3479.77,0.1,6263.59,1723.69,Credit Card
ORD-100160,2025-03-10,CUST-00236,East,Electronics,Mobile,iPhone Zeta,1,73350.02,0.0,73350.02,15167.74,Cash on Delivery
ORD-100725,2025-03-10,CUST-00109,East,Beauty,Makeup,Matte Lipstick Set,1,1023.67,0.0,1023.67,531.67,UPI
ORD-101993,2025-03-10,CUST-00224,West,Fashion,Footwear,UrbanLoafers,2,3429.69,0.3,4801.57,470.54,UPI
ORD-101705,2025-03-11,CUST-00082,South,Fashion,Women,Knit Winter Sweater,1,2240.72,0.15,1904.61,401.61,Credit Card
ORD-101968,2025-03-11,CUST-00104,West,Electronics,Audio,BassBoom Speaker,3,8929.87,0.05,25450.13,3569.46,UPI
ORD-100844,2025-03-12,CUST-00394,South,Fashion,Footwear,UrbanLoafers,4,3428.09,0.0,13712.36,5584.9,Net Banking
ORD-101229,2025-03-12,CUST-00150,North,Electronics,Audio,BassBoom Speaker,2,9116.3,0.05,17320.97,2708.6,Credit Card
ORD-101595,2025-03-13,CUST-00092,North,Electronics,Mobile,Galaxy Nova X5,2,24188.49,0.15,41120.43,1899.3,Debit Card
ORD-101244,2025-03-14,CUST-00122,East,Sports,Fitness,Adjustable Dumbbell 24kg,1,10458.72,0.15,8889.91,1505.36,Credit Card
ORD-101888,2025-03-14,CUST-00353,East,Sports,Outdoor,TrailHike Backpack 60L,1,3365.43,0.15,2860.62,546.83,UPI
ORD-100054,2025-03-15,CUST-00062,South,Electronics,Audio,BassBoom Speaker,2,8752.15,0.15,14878.65,138.46,Credit Card
ORD-100753,2025-03-15,CUST-00400,West,Fashion,Women,Knit Winter Sweater,1,2307.37,0.3,1615.16,87.78,UPI
ORD-101342,2025-03-15,CUST-00377,North,Beauty,Skincare,HydraBoost Moisturizer,3,1229.27,0.05,3503.42,1851.56,Credit Card
ORD-101938,2025-03-15,CUST-00358,North,Fashion,Women,Knit Winter Sweater,1,2094.49,0.25,1570.87,244.44,Cash on Delivery
ORD-100087,2025-03-16,CUST-00234,South,Beauty,Makeup,Matte Lipstick Set,3,1014.46,0.0,3043.38,1765.82,Net Banking
ORD-100094,2025-03-16,CUST-00499,East,Electronics,Laptop,AirBook Slim,2,78541.15,0.05,149228.18,15572.46,UPI
ORD-101044,2025-03-16,CUST-00457,West,Electronics,Audio,BassBoom Speaker,1,8604.5,0.0,8604.5,1544.63,UPI
ORD-101550,2025-03-16,CUST-00299,East,Beauty,Makeup,Matte Lipstick Set,1,1010.86,0.0,1010.86,572.5,Credit Card
ORD-101659,2025-03-16,CUST-00367,South,Electronics,Audio,SoundPods Pro,2,4900.28,0.3,6860.39,-1108.51,Credit Card
ORD-100137,2025-03-17,CUST-00271,East,Fashion,Footwear,UrbanLoafers,1,3533.12,0.0,3533.12,1580.82,UPI
ORD-100325,2025-03-17,CUST-00380,North,Sports,Fitness,ProYoga Mat,1,1351.22,0.1,1216.1,326.09,Cash on Delivery
ORD-100508,2025-03-17,CUST-00399,West,Sports,Outdoor,AllWeather Tent 4P,1,12190.28,0.0,12190.28,4904.77,UPI
ORD-100692,2025-03-17,CUST-00087,South,Beauty,Makeup,HD Foundation Kit,1,1476.47,0.0,1476.47,838.33,UPI
ORD-100787,2025-03-17,CUST-00092,North,Electronics,Mobile,Pixel Aura 12,3,31816.43,0.1,85904.36,5568.89,Debit Card
ORD-100840,2025-03-17,CUST-00171,North,Beauty,Makeup,Matte Lipstick Set,4,950.6,0.2,3041.92,881.13,Credit Card
ORD-100627,2025-03-18,CUST-00188,North,Home & Kitchen,Appliances,ColdBrew Coffee Maker,1,6726.36,0.2,5381.09,501.54,Credit Card
ORD-101096,2025-03-18,CUST-00329,West,Beauty,Skincare,Vitamin C Serum,2,910.29,0.05,1729.55,912.35,UPI
ORD-101498,2025-03-18,CUST-00022,North,Beauty,Makeup,Matte Lipstick Set,2,968.95,0.05,1841.01,941.36,UPI
ORD-101126,2025-03-19,CUST-00302,South,Electronics,Mobile,Galaxy Nova X5,4,24487.57,0.25,73462.71,-10523.57,UPI
ORD-101760,2025-03-20,CUST-00376,West,Electronics,Audio,SoundPods Pro,2,4897.78,0.15,8326.23,-234.87,UPI
ORD-100330,2025-03-21,CUST-00270,North,Sports,Outdoor,TrailHike Backpack 60L,1,3325.9,0.3,2328.13,5.32,Net Banking
ORD-101075,2025-03-21,CUST-00501,West,Fashion,Women,Floral Summer Dress,2,1742.88,0.3,2440.03,220.03,Cash on Delivery
ORD-101302,2025-03-21,CUST-00545,North,Home & Kitchen,Decor,LED Wall Lamp,1,989.07,0.0,989.07,295.87,UPI
ORD-101332,2025-03-21,CUST-00421,North,Beauty,Makeup,Matte Lipstick Set,1,1048.81,0.25,786.61,217.96,Net Banking
ORD-101644,2025-03-21,CUST-00003,North,Beauty,Makeup,HD Foundation Kit,2,1480.06,0.1,2664.11,1148.79,Net Banking
ORD-100842,2025-03-22,CUST-00489,East,Beauty,Skincare,Vitamin C Serum,1,939.45,0.25,704.59,208.1,Debit Card
ORD-101764,2025-03-22,CUST-00131,East,Sports,Fitness,Adjustable Dumbbell 24kg,3,9781.12,0.0,29343.36,11625.14,UPI
ORD-100744,2025-03-23,CUST-00585,South,Electronics,Laptop,AirBook Slim,5,76618.01,0.0,383090.05,82500.48,Credit Card
ORD-100123,2025-03-24,CUST-00069,East,Home & Kitchen,Appliances,AirFryer Deluxe,1,7889.66,0.1,7100.69,1697.69,Cash on Delivery
ORD-100630,2025-03-24,CUST-00286,South,Home & Kitchen,Furniture,Oakwood Study Desk,1,12979.19,0.15,11032.31,1356.52,UPI
ORD-101282,2025-03-24,CUST-00216,South,Electronics,Mobile,Pixel Aura 12,2,34024.72,0.05,64646.97,8881.28,Credit Card
ORD-101990,2025-03-25,CUST-00120,South,Fashion,Footwear,UrbanLoafers,1,3364.25,0.05,3196.04,1078.3,UPI
ORD-100067,2025-03-26,CUST-00468,West,Sports,Outdoor,TrailHike Backpack 60L,1,3499.8,0.0,3499.8,1355.17,Net Banking
ORD-100133,2025-03-26,CUST-00476,North,Home & Kitchen,Appliances,ColdBrew Coffee Maker,1,6619.23,0.15,5626.35,794.97,UPI
ORD-100537,2025-03-26,CUST-00153,South,Home & Kitchen,Decor,LED Wall Lamp,1,965.53,0.05,917.25,267.33,Cash on Delivery
ORD-100924,2025-03-26,CUST-00128,South,Sports,Fitness,Adjustable Dumbbell 24kg,3,10224.13,0.2,24537.91,2777.51,Net Banking
ORD-100962,2025-03-26,CUST-00001,North,Fashion,Men,SlimFit Denim Jeans,1,1917.47,0.2,1533.98,351.37,Credit Card
ORD-101279,2025-03-26,CUST-00057,North,Beauty,Skincare,Vitamin C Serum,4,930.28,0.1,3349.01,1478.86,Credit Card
ORD-101328,2025-03-26,CUST-00519,West,Sports,Outdoor,AllWeather Tent 4P,2,12364.69,0.1,22256.44,5451.0,UPI
ORD-101408,2025-03-26,CUST-00365,South,Home & Kitchen,Furniture,ErgoComfort Chair,1,9162.95,0.0,9162.95,3261.92,Debit Card
ORD-100110,2025-03-27,CUST-00289,West,Sports,Outdoor,AllWeather Tent 4P,1,12557.67,0.0,12557.67,5057.6,UPI
ORD-100201,2025-03-27,CUST-00436,South,Beauty,Makeup,Matte Lipstick Set,2,1003.31,0.0,2006.62,1182.44,Debit Card
ORD-101991,2025-03-27,CUST-00026,East,Beauty,Makeup,Matte Lipstick Set,3,984.45,0.0,2953.35,1531.38,Debit Card
ORD-100482,2025-03-28,CUST-00116,East,Beauty,Makeup,HD Foundation Kit,1,1565.56,0.0,1565.56,921.26,UPI
ORD-101111,2025-03-28,CUST-00382,South,Fashion,Footwear,UrbanLoafers,1,3443.82,0.2,2755.06,417.82,UPI
ORD-101890,2025-03-28,CUST-00490,East,Sports,Fitness,ProYoga Mat,1,1321.75,0.0,1321.75,490.72,Credit Card
ORD-100035,2025-03-29,CUST-00517,South,Fashion,Men,Oxford Casual Shirt,1,1303.04,0.05,1237.89,454.57,Debit Card
ORD-100563,2025-03-29,CUST-00011,West,Sports,Outdoor,TrailHike Backpack 60L,1,3471.61,0.15,2950.87,548.14,UPI
ORD-101333,2025-03-29,CUST-00030,South,Electronics,Laptop,AirBook Slim,1,81293.94,0.0,81293.94,13402.07,UPI
ORD-101688,2025-03-29,CUST-00401,East,Electronics,Audio,BassBoom Speaker,1,9053.92,0.1,8148.53,702.4,Credit Card
ORD-101830,2025-03-29,CUST-00006,East,Home & Kitchen,Decor,LED Wall Lamp,1,967.6,0.0,967.6,311.55,UPI
ORD-100085,2025-03-30,CUST-00083,East,Beauty,Skincare,Vitamin C Serum,2,913.29,0.25,1369.93,337.87,UPI
ORD-100415,2025-03-30,CUST-00495,South,Fashion,Women,Knit Winter Sweater,3,2204.52,0.05,6282.88,2114.2,UPI
ORD-100579,2025-03-30,CUST-00547,North,Beauty,Skincare,Vitamin C Serum,2,940.57,0.1,1693.03,705.99,Debit Card
ORD-101612,2025-03-30,CUST-00004,South,Home & Kitchen,Furniture,ErgoComfort Chair,1,8569.42,0.15,7284.01,1393.5,Credit Card
ORD-101683,2025-03-30,CUST-00436,North,Beauty,Makeup,Matte Lipstick Set,1,990.2,0.0,990.2,574.89,Net Banking
ORD-101937,2025-03-30,CUST-00091,North,Electronics,Laptop,ThinkPro 14,2,56316.75,0.0,112633.5,16213.54,UPI
ORD-101087,2025-03-31,CUST-00186,North,Fashion,Footwear,UrbanLoafers,1,3595.98,0.05,3416.18,1335.29,UPI
ORD-101544,2025-03-31,CUST-00049,East,Beauty,Skincare,HydraBoost Moisturizer,4,1140.41,0.05,4333.56,2245.59,Credit Card
ORD-101871,2025-03-31,CUST-00246,North,Electronics,Audio,SoundPods Pro,1,4806.74,0.1,4326.07,158.65,Credit Card
ORD-100125,2025-04-01,CUST-00293,South,Home & Kitchen,Appliances,ColdBrew Coffee Maker,1,6652.17,0.0,6652.17,2194.71,Credit Card
ORD-100565,2025-04-01,CUST-00558,West,Home & Kitchen,Appliances,ColdBrew Coffee Maker,4,6355.88,0.0,25423.52,8446.29,Debit Card
ORD-100762,2025-04-01,CUST-00279,West,Home & Kitchen,Decor,Ceramic Vase Set,2,1470.76,0.15,2500.29,452.62,Credit Card
ORD-100598,2025-04-02,CUST-00088,South,Home & Kitchen,Furniture,ErgoComfort Chair,1,8614.66,0.0,8614.66,2911.73,UPI
ORD-101497,2025-04-02,CUST-00417,West,Home & Kitchen,Appliances,ColdBrew Coffee Maker,4,6543.42,0.25,19630.26,1402.58,UPI
ORD-101343,2025-04-03,CUST-00551,North,Home & Kitchen,Appliances,ColdBrew Coffee Maker,1,6301.96,0.0,6301.96,2271.25,Cash on Delivery
ORD-101789,2025-04-03,CUST-00566,West,Electronics,Mobile,iPhone Zeta,3,69497.9,0.15,177219.64,5921.58,Debit Card
ORD-101940,2025-04-03,CUST-00298,South,Electronics,Laptop,ThinkPro 14,2,52295.07,0.15,88901.62,1469.53,UPI
ORD-100568,2025-04-04,CUST-00006,East,Sports,Fitness,ProYoga Mat,3,1299.97,0.0,3899.91,1364.6,Cash on Delivery
ORD-101062,2025-04-04,CUST-00268,South,Home & Kitchen,Decor,Ceramic Vase Set,1,1497.87,0.15,1273.19,205.12,Credit Card
ORD-101704,2025-04-04,CUST-00301,East,Electronics,Mobile,iPhone Zeta,4,69334.49,0.1,249604.16,22541.5,UPI
ORD-101720,2025-04-04,CUST-00001,West,Sports,Fitness,ProYoga Mat,1,1329.11,0.0,1329.11,538.06,UPI
ORD-100738,2025-04-05,CUST-00044,North,Sports,Outdoor,TrailHike Backpack 60L,1,3542.61,0.05,3365.48,1035.19,UPI
ORD-101352,2025-04-05,CUST-00242,South,Electronics,Audio,BassBoom Speaker,2,8668.02,0.0,17336.04,2709.6,UPI
ORD-101808,2025-04-05,CUST-00132,South,Home & Kitchen,Appliances,ColdBrew Coffee Maker,1,6632.38,0.2,5305.9,426.66,Credit Card
ORD-100180,2025-04-06,CUST-00365,South,Fashion,Men,Oxford Casual Shirt,2,1311.42,0.1,2360.56,808.52,Credit Card
ORD-101396,2025-04-06,CUST-00580,West,Home & Kitchen,Appliances,ColdBrew Coffee Maker,4,6470.75,0.25,19412.25,1219.85,Credit Card
ORD-101800,2025-04-06,CUST-00551,East,Sports,Outdoor,TrailHike Backpack 60L,1,3610.67,0.15,3069.07,704.71,Debit Card
ORD-100399,2025-04-07,CUST-00513,South,Sports,Outdoor,AllWeather Tent 4P,1,12134.75,0.05,11528.01,3306.97,UPI
ORD-101685,2025-04-07,CUST-00520,North,Fashion,Footwear,RunFlex Sneakers,1,2991.61,0.2,2393.29,469.02,UPI
ORD-100767,2025-04-08,CUST-00335,North,Sports,Outdoor,AllWeather Tent 4P,1,11991.72,0.0,11991.72,4122.07,UPI
ORD-100785,2025-04-08,CUST-00360,South,Beauty,Makeup,Matte Lipstick Set,1,963.69,0.0,963.69,498.72,Debit Card
ORD-101023,2025-04-08,CUST-00398,West,Beauty,Skincare,HydraBoost Moisturizer,1,1164.0,0.1,1047.6,447.81,Credit Card
ORD-100423,2025-04-09,CUST-00067,East,Fashion,Footwear,UrbanLoafers,4,3568.85,0.05,13561.63,5095.3,Net Banking
ORD-100594,2025-04-09,CUST-00438,South,Fashion,Footwear,UrbanLoafers,1,3671.13,0.1,3304.02,1058.74,UPI
ORD-100843,2025-04-09,CUST-00450,North,Fashion,Footwear,RunFlex Sneakers,2,3095.0,0.1,5571.0,1703.33,UPI
ORD-101081,2025-04-09,CUST-00193,North,Beauty,Makeup,HD Foundation Kit,1,1485.21,0.05,1410.95,723.29,Credit Card
ORD-101559,2025-04-09,CUST-00202,North,Electronics,Audio,SoundPods Pro,3,5017.82,0.15,12795.44,498.01,Credit Card
ORD-101021,2025-04-10,CUST-00157,South,Beauty,Makeup,HD Foundation Kit,2,1560.5,0.05,2964.95,1398.01,UPI
ORD-101208,2025-04-10,CUST-00127,West,Home & Kitchen,Appliances,ColdBrew Coffee Maker,3,6647.47,0.0,19942.41,7070.31,UPI
ORD-100455,2025-04-12,CUST-00066,South,Beauty,Skincare,Vitamin C Serum,2,869.54,0.0,1739.08,893.88,Debit Card
ORD-100892,2025-04-12,CUST-00446,East,Home & Kitchen,Decor,Ceramic Vase Set,1,1448.45,0.05,1376.03,380.12,Credit Card
ORD-101149,2025-04-12,CUST-00341,East,Beauty,Skincare,HydraBoost Moisturizer,2,1143.78,0.15,1944.43,806.22,UPI
ORD-101223,2025-04-12,CUST-00535,East,Beauty,Makeup,HD Foundation Kit,3,1548.51,0.1,4180.98,1866.14,Debit Card
ORD-100270,2025-04-13,CUST-00185,West,Beauty,Skincare,HydraBoost Moisturizer,1,1243.46,0.05,1181.29,548.78,UPI
ORD-100475,2025-04-13,CUST-00401,North,Home & Kitchen,Decor,LED Wall Lamp,3,1029.85,0.25,2317.16,180.21,Net Banking
ORD-100669,2025-04-13,CUST-00592,West,Beauty,Makeup,Matte Lipstick Set,1,1007.03,0.15,855.98,344.02,Debit Card
ORD-101927,2025-04-14,CUST-00292,West,Beauty,Skincare,Vitamin C Serum,1,860.88,0.0,860.88,456.84,Debit Card
ORD-100263,2025-04-15,CUST-00478,East,Fashion,Footwear,RunFlex Sneakers,1,3131.86,0.1,2818.67,907.67,UPI
ORD-100712,2025-04-15,CUST-00181,South,Beauty,Makeup,Matte Lipstick Set,1,992.4,0.15,843.54,294.7,Credit Card
ORD-100026,2025-04-16,CUST-00234,South,Sports,Fitness,Adjustable Dumbbell 24kg,1,9881.55,0.15,8399.32,1432.91,UPI
ORD-101128,2025-04-16,CUST-00335,South,Fashion,Footwear,UrbanLoafers,1,3544.72,0.05,3367.48,1186.03,UPI
ORD-101199,2025-04-16,CUST-00018,North,Beauty,Makeup,Matte Lipstick Set,2,995.98,0.0,1991.96,1080.72,Credit Card
ORD-101286,2025-04-16,CUST-00143,North,Electronics,Audio,SoundPods Pro,1,4824.5,0.0,4824.5,734.01,UPI
ORD-101752,2025-04-16,CUST-00192,South,Fashion,Footwear,UrbanLoafers,1,3627.97,0.0,3627.97,1646.1,Debit Card
ORD-101844,2025-04-16,CUST-00420,South,Home & Kitchen,Appliances,AirFryer Deluxe,5,8112.61,0.0,40563.05,14042.98,UPI
ORD-100310,2025-04-17,CUST-00075,East,Fashion,Men,SlimFit Denim Jeans,1,1937.9,0.2,1550.32,255.04,Net Banking
ORD-100618,2025-04-17,CUST-00088,East,Fashion,Women,Floral Summer Dress,1,1794.4,0.15,1525.24,379.43,Debit Card
ORD-101624,2025-04-17,CUST-00393,North,Fashion,Men,Oxford Casual Shirt,2,1246.84,0.05,2369.0,832.66,Net Banking
ORD-100061,2025-04-18,CUST-00193,South,Home & Kitchen,Appliances,ColdBrew Coffee Maker,3,6469.64,0.1,17468.03,3496.42,Cash on Delivery
ORD-100194,2025-04-18,CUST-00415,South,Electronics,Audio,SoundPods Pro,4,5007.0,0.15,17023.8,198.38,Credit Card
ORD-101512,2025-04-18,CUST-00470,West,Home & Kitchen,Decor,LED Wall Lamp,1,1029.24,0.05,977.78,290.07,UPI
ORD-101625,2025-04-18,CUST-00038,East,Electronics,Mobile,Pixel Aura 12,3,33784.86,0.05,96286.85,15575.56,Credit Card
ORD-100426,2025-04-19,CUST-00100,West,Sports,Outdoor,TrailHike Backpack 60L,1,3582.75,0.1,3224.47,909.15,UPI
ORD-100826,2025-04-19,CUST-00582,East,Beauty,Skincare,Vitamin C Serum,1,893.07,0.2,714.46,224.49,Debit Card
ORD-100885,2025-04-19,CUST-00093,West,Fashion,Footwear,RunFlex Sneakers,1,2884.35,0.1,2595.91,784.74,UPI
ORD-101160,2025-04-19,CUST-00099,South,Sports,Outdoor,AllWeather Tent 4P,1,11942.5,0.0,11942.5,4064.01,Cash on Delivery
ORD-101385,2025-04-19,CUST-00051,North,Home & Kitchen,Appliances,ColdBrew Coffee Maker,1,6394.88,0.2,5115.9,486.24,Debit Card
ORD-101453,2025-04-20,CUST-00113,South,Home & Kitchen,Decor,Ceramic Vase Set,1,1534.84,0.0,1534.84,564.83,Credit Card
ORD-101779,2025-04-20,CUST-00387,North,Home & Kitchen,Furniture,ErgoComfort Chair,1,9097.44,0.05,8642.57,2373.51,Net Banking
ORD-101867,2025-04-20,CUST-00030,West,Sports,Outdoor,TrailHike Backpack 60L,2,3449.8,0.25,5174.7,474.26,Credit Card
ORD-101962,2025-04-20,CUST-00239,North,Home & Kitchen,Decor,Ceramic Vase Set,2,1438.17,0.3,2013.44,-76.96,UPI
ORD-100046,2025-04-21,CUST-00275,West,Sports,Fitness,Adjustable Dumbbell 24kg,1,10149.44,0.1,9134.5,2505.35,Debit Card
ORD-100422,2025-04-21,CUST-00230,North,Beauty,Skincare,HydraBoost Moisturizer,2,1235.25,0.0,2470.5,1398.03,UPI
ORD-100605,2025-04-22,CUST-00245,East,Sports,Outdoor,AllWeather Tent 4P,2,11593.77,0.05,22028.16,7023.55,UPI
ORD-100614,2025-04-23,CUST-00377,East,Fashion,Men,Oxford Casual Shirt,1,1309.91,0.05,1244.41,447.64,Credit Card
ORD-101506,2025-04-23,CUST-00420,East,Sports,Outdoor,TrailHike Backpack 60L,1,3512.38,0.2,2809.9,331.67,UPI
ORD-101747,2025-04-23,CUST-00327,North,Sports,Outdoor,TrailHike Backpack 60L,2,3580.15,0.3,5012.21,121.44,Debit Card
ORD-101976,2025-04-23,CUST-00400,East,Sports,Outdoor,TrailHike Backpack 60L,2,3329.58,0.0,6659.16,2342.47,Cash on Delivery
ORD-100685,2025-04-24,CUST-00283,North,Electronics,Audio,BassBoom Speaker,2,9096.82,0.0,18193.64,3575.83,Cash on Delivery
ORD-100729,2025-04-24,CUST-00415,West,Beauty,Makeup,Matte Lipstick Set,2,954.64,0.05,1813.82,877.68,Cash on Delivery
ORD-100973,2025-04-24,CUST-00308,West,Fashion,Women,Floral Summer Dress,4,1762.39,0.25,5287.17,870.14,Net Banking
ORD-101359,2025-04-25,CUST-00016,West,Fashion,Women,Floral Summer Dress,3,1727.14,0.1,4663.28,1464.87,Credit Card
ORD-101401,2025-04-26,CUST-00097,East,Beauty,Makeup,HD Foundation Kit,2,1512.27,0.0,3024.54,1618.24,Credit Card
ORD-101713,2025-04-26,CUST-00554,South,Electronics,Laptop,ThinkPro 14,1,53371.72,0.0,53371.72,10937.05,UPI
ORD-101721,2025-04-26,CUST-00079,East,Home & Kitchen,Decor,LED Wall Lamp,1,1002.45,0.15,852.08,159.15,UPI
ORD-100078,2025-04-27,CUST-00575,West,Electronics,Laptop,ThinkPro 14,1,55946.86,0.1,50352.17,3613.51,Cash on Delivery
ORD-100552,2025-04-27,CUST-00461,North,Fashion,Women,Floral Summer Dress,1,1735.7,0.15,1475.35,355.93,Net Banking
ORD-101272,2025-04-27,CUST-00090,South,Electronics,Audio,SoundPods Pro,1,4851.01,0.05,4608.46,583.98,Credit Card
ORD-101552,2025-04-27,CUST-00468,West,Electronics,Laptop,AirBook Slim,1,79895.2,0.3,55926.64,-8511.92,Net Banking
ORD-101694,2025-04-27,CUST-00006,East,Electronics,Audio,SoundPods Pro,3,5159.98,0.1,13931.95,432.27,UPI
ORD-100158,2025-04-28,CUST-00419,West,Home & Kitchen,Furniture,Oakwood Study Desk,2,12796.9,0.0,25593.8,7552.75,Cash on Delivery
ORD-100784,2025-04-28,CUST-00018,North,Electronics,Mobile,iPhone Zeta,2,68964.02,0.0,137928.04,24538.28,Net Banking
ORD-101526,2025-04-28,CUST-00147,West,Beauty,Skincare,Vitamin C Serum,2,913.24,0.05,1735.16,916.55,UPI
ORD-101700,2025-04-28,CUST-00136,South,Beauty,Skincare,HydraBoost Moisturizer,4,1225.29,0.1,4411.04,2054.51,UPI
ORD-100049,2025-04-29,CUST-00353,South,Sports,Outdoor,AllWeather Tent 4P,3,11664.94,0.0,34994.82,13834.96,Credit Card
ORD-100119,2025-04-29,CUST-00196,South,Electronics,Audio,BassBoom Speaker,1,9260.97,0.0,9260.97,1952.8,UPI
ORD-100255,2025-04-29,CUST-00283,South,Beauty,Skincare,Vitamin C Serum,2,879.77,0.0,1759.54,972.76,UPI
ORD-100350,2025-04-29,CUST-00027,North,Fashion,Footwear,RunFlex Sneakers,2,3059.19,0.25,4588.78,453.85,UPI
ORD-101225,2025-04-29,CUST-00121,East,Home & Kitchen,Furniture,ErgoComfort Chair,1,9392.73,0.1,8453.46,1755.15,Cash on Delivery
ORD-101724,2025-04-29,CUST-00292,North,Home & Kitchen,Decor,LED Wall Lamp,2,1015.62,0.0,2031.24,738.86,Credit Card
ORD-101831,2025-04-29,CUST-00249,East,Fashion,Women,Knit Winter Sweater,1,2252.97,0.0,2252.97,987.64,UPI
ORD-100088,2025-04-30,CUST-00088,North,Sports,Outdoor,AllWeather Tent 4P,1,11774.08,0.15,10007.97,1926.55,Cash on Delivery
ORD-100612,2025-04-30,CUST-00411,South,Beauty,Makeup,HD Foundation Kit,1,1530.85,0.0,1530.85,845.09,Cash on Delivery
ORD-100800,2025-04-30,CUST-00518,North,Electronics,Laptop,ThinkPro 14,1,55569.84,0.0,55569.84,8317.85,UPI
ORD-101336,2025-04-30,CUST-00138,West,Electronics,Audio,BassBoom Speaker,1,8706.45,0.0,8706.45,1423.76,Debit Card
ORD-101375,2025-04-30,CUST-00319,South,Home & Kitchen,Decor,Ceramic Vase Set,1,1567.85,0.15,1332.67,241.14,UPI
ORD-101516,2025-04-30,CUST-00109,West,Fashion,Men,SlimFit Denim Jeans,3,1964.99,0.15,5010.72,1162.03,Credit Card
ORD-101689,2025-04-30,CUST-00595,East,Fashion,Men,SlimFit Denim Jeans,2,1931.61,0.05,3670.06,1456.92,Net Banking
ORD-100499,2025-05-01,CUST-00190,North,Beauty,Skincare,Vitamin C Serum,1,855.31,0.1,769.78,317.43,UPI
ORD-101304,2025-05-01,CUST-00059,North,Sports,Outdoor,AllWeather Tent 4P,3,11577.73,0.05,32996.53,10253.96,UPI
ORD-101630,2025-05-01,CUST-00417,North,Fashion,Women,Floral Summer Dress,2,1781.17,0.3,2493.64,170.58,Credit Card
ORD-101921,2025-05-01,CUST-00119,West,Sports,Fitness,ProYoga Mat,2,1263.12,0.15,2147.3,508.27,Cash on Delivery
ORD-101924,2025-05-01,CUST-00374,West,Sports,Outdoor,TrailHike Backpack 60L,2,3598.27,0.2,5757.23,1049.33,Credit Card
ORD-100807,2025-05-02,CUST-00238,East,Beauty,Makeup,HD Foundation Kit,1,1533.91,0.0,1533.91,810.73,Credit Card
ORD-101072,2025-05-02,CUST-00116,North,Home & Kitchen,Furniture,ErgoComfort Chair,1,9433.91,0.25,7075.43,535.36,Credit Card
ORD-101365,2025-05-03,CUST-00077,North,Fashion,Women,Floral Summer Dress,2,1878.15,0.1,3380.67,1013.73,UPI
ORD-100210,2025-05-04,CUST-00393,North,Electronics,Mobile,Galaxy Nova X5,1,24314.5,0.0,24314.5,4726.71,Credit Card
ORD-100546,2025-05-04,CUST-00131,South,Sports,Fitness,ProYoga Mat,4,1318.12,0.1,4745.23,1099.55,UPI
ORD-101758,2025-05-04,CUST-00454,South,Fashion,Men,SlimFit Denim Jeans,1,2038.95,0.15,1733.11,364.3,Net Banking
ORD-100118,2025-05-05,CUST-00139,East,Beauty,Makeup,Matte Lipstick Set,1,1030.32,0.1,927.29,379.27,Credit Card
ORD-100128,2025-05-05,CUST-00420,North,Electronics,Laptop,AirBook Slim,1,76074.23,0.4,45644.54,-11377.37,UPI
ORD-101751,2025-05-05,CUST-00137,North,Electronics,Audio,SoundPods Pro,2,5050.72,0.0,10101.44,1763.7,UPI
ORD-100248,2025-05-06,CUST-00027,North,Fashion,Men,SlimFit Denim Jeans,1,1997.19,0.1,1797.47,484.17,UPI
ORD-100673,2025-05-06,CUST-00097,North,Home & Kitchen,Furniture,Oakwood Study Desk,1,13182.82,0.0,13182.82,4781.12,Credit Card
ORD-101999,2025-05-06,CUST-00459,North,Fashion,Men,SlimFit Denim Jeans,1,1937.55,0.0,1937.55,749.83,Credit Card
ORD-100900,2025-05-07,CUST-00432,South,Fashion,Women,Knit Winter Sweater,1,2128.6,0.05,2022.17,676.54,Credit Card
ORD-101626,2025-05-07,CUST-00236,North,Home & Kitchen,Furniture,ErgoComfort Chair,1,8604.08,0.05,8173.88,2227.41,UPI
ORD-100450,2025-05-08,CUST-00549,North,Beauty,Skincare,HydraBoost Moisturizer,1,1226.31,0.05,1164.99,602.86,UPI
ORD-100644,2025-05-08,CUST-00391,South,Fashion,Women,Knit Winter Sweater,1,2176.62,0.3,1523.63,73.78,Credit Card
ORD-100660,2025-05-08,CUST-00247,West,Beauty,Skincare,Vitamin C Serum,1,928.88,0.0,928.88,547.76,Credit Card
ORD-100173,2025-05-09,CUST-00017,East,Electronics,Audio,SoundPods Pro,1,4935.61,0.05,4688.83,618.58,Credit Card
ORD-100328,2025-05-09,CUST-00573,North,Sports,Fitness,Adjustable Dumbbell 24kg,1,9925.08,0.0,9925.08,3839.31,Credit Card
ORD-100925,2025-05-09,CUST-00100,South,Electronics,Mobile,Pixel Aura 12,2,33961.31,0.1,61130.36,5059.12,Credit Card
ORD-101055,2025-05-09,CUST-00280,North,Fashion,Women,Floral Summer Dress,1,1794.28,0.15,1525.14,343.72,UPI
ORD-100786,2025-05-10,CUST-00532,South,Beauty,Makeup,HD Foundation Kit,1,1548.13,0.05,1470.72,700.93,Credit Card
ORD-101273,2025-05-10,CUST-00159,South,Sports,Fitness,ProYoga Mat,4,1275.73,0.05,4847.77,1659.13,Credit Card
ORD-101521,2025-05-10,CUST-00352,East,Electronics,Mobile,Pixel Aura 12,4,34546.42,0.05,131276.4,12211.61,UPI
ORD-101978,2025-05-10,CUST-00028,East,Fashion,Men,SlimFit Denim Jeans,1,2056.34,0.2,1645.07,305.02,Credit Card
ORD-100062,2025-05-11,CUST-00246,West,Beauty,Makeup,HD Foundation Kit,2,1454.56,0.15,2472.75,943.2,Credit Card
ORD-100493,2025-05-11,CUST-00167,South,Home & Kitchen,Decor,LED Wall Lamp,1,1031.3,0.1,928.17,163.39,UPI
ORD-100039,2025-05-12,CUST-00345,South,Home & Kitchen,Decor,LED Wall Lamp,1,1028.96,0.15,874.62,165.59,UPI
ORD-101986,2025-05-12,CUST-00189,South,Electronics,Audio,BassBoom Speaker,5,9089.2,0.15,38629.1,184.2,Debit Card
ORD-100550,2025-05-13,CUST-00370,East,Electronics,Laptop,ThinkPro 14,1,53193.58,0.0,53193.58,9477.48,Net Banking
ORD-100944,2025-05-13,CUST-00385,North,Home & Kitchen,Appliances,AirFryer Deluxe,3,7951.09,0.1,21467.94,4227.4,UPI
ORD-101027,2025-05-13,CUST-00544,North,Fashion,Footwear,UrbanLoafers,2,3376.77,0.15,5740.51,1336.5,Debit Card
ORD-101468,2025-05-13,CUST-00293,North,Beauty,Makeup,HD Foundation Kit,2,1446.98,0.3,2025.77,464.67,Credit Card
ORD-101778,2025-05-13,CUST-00280,East,Home & Kitchen,Appliances,AirFryer Deluxe,2,7652.01,0.05,14538.82,4086.75,Net Banking
ORD-101806,2025-05-13,CUST-00118,South,Sports,Outdoor,AllWeather Tent 4P,1,12290.59,0.0,12290.59,4741.51,Credit Card
ORD-100691,2025-05-14,CUST-00007,West,Home & Kitchen,Decor,Ceramic Vase Set,1,1483.05,0.1,1334.74,332.14,Cash on Delivery
ORD-100737,2025-05-14,CUST-00294,North,Home & Kitchen,Furniture,ErgoComfort Chair,1,8876.01,0.0,8876.01,2637.4,Debit Card
ORD-100980,2025-05-14,CUST-00580,East,Home & Kitchen,Furniture,Oakwood Study Desk,1,12664.59,0.15,10764.9,1691.15,Credit Card
ORD-101729,2025-05-14,CUST-00572,East,Beauty,Makeup,HD Foundation Kit,1,1560.14,0.0,1560.14,908.0,Debit Card
ORD-101812,2025-05-14,CUST-00017,South,Home & Kitchen,Appliances,AirFryer Deluxe,1,8179.14,0.4,4907.48,-452.69,Net Banking
ORD-101896,2025-05-14,CUST-00287,South,Sports,Outdoor,TrailHike Backpack 60L,1,3630.85,0.2,2904.68,522.03,Debit Card
ORD-100454,2025-05-15,CUST-00483,West,Home & Kitchen,Appliances,AirFryer Deluxe,1,8122.06,0.0,8122.06,2695.3,Net Banking
ORD-100791,2025-05-15,CUST-00441,West,Home & Kitchen,Decor,LED Wall Lamp,1,994.39,0.0,994.39,305.66,UPI
ORD-100854,2025-05-15,CUST-00241,East,Sports,Outdoor,AllWeather Tent 4P,1,11610.47,0.05,11029.95,3959.81,UPI
ORD-100866,2025-05-15,CUST-00321,North,Fashion,Men,Oxford Casual Shirt,2,1347.25,0.1,2425.05,694.66,Credit Card
ORD-100898,2025-05-15,CUST-00028,South,Fashion,Women,Knit Winter Sweater,4,2249.66,0.15,7648.84,1846.95,UPI
ORD-101080,2025-05-15,CUST-00383,East,Electronics,Audio,SoundPods Pro,1,5220.1,0.1,4698.09,395.47,Debit Card
ORD-101794,2025-05-15,CUST-00412,East,Electronics,Mobile,iPhone Zeta,2,71004.01,0.1,127807.22,11858.82,UPI
ORD-101977,2025-05-15,CUST-00160,East,Home & Kitchen,Furniture,ErgoComfort Chair,1,8649.43,0.0,8649.43,2804.05,UPI
ORD-100045,2025-05-16,CUST-00371,North,Beauty,Skincare,HydraBoost Moisturizer,1,1147.32,0.1,1032.59,461.36,Credit Card
ORD-100080,2025-05-16,CUST-00287,East,Fashion,Women,Knit Winter Sweater,1,2242.21,0.25,1681.66,228.23,Debit Card
ORD-100369,2025-05-16,CUST-00263,East,Electronics,Mobile,Galaxy Nova X5,3,24962.43,0.0,74887.29,11075.85,Debit Card
ORD-100904,2025-05-16,CUST-00052,South,Beauty,Makeup,Matte Lipstick Set,1,1036.18,0.1,932.56,400.81,UPI
ORD-101258,2025-05-16,CUST-00396,East,Fashion,Women,Knit Winter Sweater,1,2295.66,0.2,1836.53,291.08,UPI
ORD-101884,2025-05-16,CUST-00087,North,Electronics,Laptop,ThinkPro 14,2,55419.49,0.0,110838.98,21218.9,Credit Card
ORD-100171,2025-05-17,CUST-00361,South,Home & Kitchen,Furniture,ErgoComfort Chair,2,9044.57,0.0,18089.14,6611.17,Debit Card
ORD-101140,2025-05-17,CUST-00299,East,Electronics,Mobile,Pixel Aura 12,1,33272.44,0.0,33272.44,7288.49,Debit Card
ORD-101196,2025-05-17,CUST-00079,East,Beauty,Makeup,HD Foundation Kit,1,1545.88,0.0,1545.88,862.64,Credit Card
ORD-101894,2025-05-17,CUST-00207,South,Home & Kitchen,Appliances,ColdBrew Coffee Maker,1,6805.04,0.0,6805.04,2384.47,UPI
ORD-100662,2025-05-18,CUST-00341,West,Fashion,Footwear,UrbanLoafers,2,3558.69,0.3,4982.17,439.62,Credit Card
ORD-101582,2025-05-18,CUST-00152,North,Fashion,Footwear,UrbanLoafers,1,3375.85,0.05,3207.06,1253.81,Cash on Delivery
ORD-101635,2025-05-18,CUST-00169,South,Sports,Fitness,ProYoga Mat,2,1341.88,0.2,2147.01,348.03,Credit Card
ORD-100238,2025-05-19,CUST-00180,West,Home & Kitchen,Appliances,AirFryer Deluxe,2,8053.11,0.05,15300.91,3731.41,Debit Card
ORD-100802,2025-05-19,CUST-00282,North,Fashion,Men,SlimFit Denim Jeans,1,2008.33,0.15,1707.08,419.25,Credit Card
ORD-101623,2025-05-19,CUST-00101,West,Sports,Outdoor,TrailHike Backpack 60L,1,3441.95,0.0,3441.95,1375.25,UPI
ORD-101757,2025-05-19,CUST-00479,East,Electronics,Mobile,Galaxy Nova X5,2,24459.89,0.05,46473.79,4748.15,UPI
ORD-100100,2025-05-20,CUST-00578,North,Fashion,Men,SlimFit Denim Jeans,1,1929.61,0.0,1929.61,850.44,Cash on Delivery
ORD-100278,2025-05-20,CUST-00093,North,Home & Kitchen,Furniture,Oakwood Study Desk,1,13243.65,0.25,9932.74,406.78,UPI
ORD-100488,2025-05-20,CUST-00475,South,Fashion,Men,SlimFit Denim Jeans,3,1997.12,0.0,5991.36,2671.09,Credit Card
ORD-100848,2025-05-20,CUST-00141,East,Beauty,Makeup,HD Foundation Kit,1,1468.26,0.2,1174.61,339.19,Debit Card
ORD-101772,2025-05-20,CUST-00177,South,Beauty,Makeup,HD Foundation Kit,1,1502.41,0.1,1352.17,577.22,Debit Card
ORD-100427,2025-05-21,CUST-00063,East,Sports,Fitness,Adjustable Dumbbell 24kg,4,9607.78,0.0,38431.12,15569.42,UPI
ORD-101159,2025-05-21,CUST-00469,East,Sports,Fitness,Adjustable Dumbbell 24kg,1,10136.48,0.0,10136.48,4073.62,UPI
ORD-101251,2025-05-21,CUST-00505,East,Fashion,Men,Oxford Casual Shirt,1,1359.21,0.15,1155.33,245.6,Cash on Delivery
ORD-101557,2025-05-22,CUST-00004,East,Electronics,Audio,SoundPods Pro,2,5212.24,0.15,8860.81,119.87,UPI
ORD-101710,2025-05-22,CUST-00192,South,Sports,Fitness,ProYoga Mat,1,1329.5,0.15,1130.08,267.5,Credit Card
ORD-101946,2025-05-22,CUST-00026,South,Beauty,Skincare,HydraBoost Moisturizer,2,1177.83,0.0,2355.66,1318.7,UPI
ORD-101954,2025-05-22,CUST-00390,North,Electronics,Audio,BassBoom Speaker,1,8631.86,0.15,7337.08,138.38,UPI
ORD-101141,2025-05-23,CUST-00291,East,Beauty,Skincare,HydraBoost Moisturizer,1,1241.25,0.05,1179.19,548.43,Credit Card
ORD-101014,2025-05-24,CUST-00531,West,Home & Kitchen,Appliances,ColdBrew Coffee Maker,1,6708.84,0.0,6708.84,2420.03,Credit Card
ORD-100403,2025-05-25,CUST-00006,North,Home & Kitchen,Appliances,AirFryer Deluxe,1,7761.31,0.0,7761.31,2637.33,Credit Card
ORD-101427,2025-05-25,CUST-00510,South,Home & Kitchen,Appliances,ColdBrew Coffee Maker,2,6751.93,0.0,13503.86,4462.2,UPI
ORD-101802,2025-05-25,CUST-00214,South,Sports,Outdoor,AllWeather Tent 4P,3,11660.54,0.0,34981.62,12270.75,UPI
ORD-101952,2025-05-25,CUST-00021,East,Fashion,Men,SlimFit Denim Jeans,1,2019.94,0.0,2019.94,900.22,UPI
ORD-100516,2025-05-26,CUST-00479,South,Sports,Outdoor,TrailHike Backpack 60L,1,3504.38,0.0,3504.38,1379.76,Net Banking
ORD-100998,2025-05-26,CUST-00267,South,Beauty,Makeup,HD Foundation Kit,1,1551.06,0.05,1473.51,688.33,UPI
ORD-101241,2025-05-26,CUST-00175,West,Electronics,Laptop,AirBook Slim,1,78617.74,0.0,78617.74,15296.17,UPI
ORD-101119,2025-05-27,CUST-00059,West,Beauty,Makeup,Matte Lipstick Set,1,973.59,0.25,730.19,162.98,Debit Card
ORD-101615,2025-05-27,CUST-00174,North,Home & Kitchen,Furniture,Oakwood Study Desk,1,13471.24,0.05,12797.68,3896.56,Debit Card
ORD-100381,2025-05-28,CUST-00134,South,Home & Kitchen,Decor,Ceramic Vase Set,1,1509.71,0.0,1509.71,443.77,UPI
ORD-100434,2025-05-28,CUST-00560,West,Beauty,Makeup,HD Foundation Kit,1,1514.68,0.0,1514.68,842.52,UPI
ORD-100615,2025-05-28,CUST-00081,South,Sports,Outdoor,AllWeather Tent 4P,1,11679.58,0.0,11679.58,4574.06,UPI
ORD-100734,2025-05-28,CUST-00536,West,Sports,Fitness,Adjustable Dumbbell 24kg,1,9577.79,0.1,8620.01,2371.16,UPI
ORD-101079,2025-05-28,CUST-00533,West,Beauty,Makeup,Matte Lipstick Set,3,1046.68,0.1,2826.04,1295.41,UPI
ORD-101767,2025-05-28,CUST-00132,South,Beauty,Makeup,HD Foundation Kit,1,1563.33,0.2,1250.66,366.35,Credit Card
ORD-100235,2025-05-29,CUST-00277,South,Fashion,Footwear,RunFlex Sneakers,5,2956.75,0.15,12566.19,3154.89,Net Banking
ORD-101528,2025-05-29,CUST-00378,North,Fashion,Footwear,UrbanLoafers,1,3373.02,0.2,2698.42,590.25,UPI
ORD-101824,2025-05-29,CUST-00344,North,Home & Kitchen,Decor,Ceramic Vase Set,2,1484.65,0.0,2969.3,873.64,UPI
ORD-100804,2025-05-30,CUST-00538,South,Electronics,Laptop,ThinkPro 14,1,53771.99,0.15,45706.19,2104.33,Net Banking
ORD-101368,2025-05-30,CUST-00574,North,Fashion,Footwear,UrbanLoafers,1,3484.78,0.3,2439.35,126.61,Debit Card
ORD-101378,2025-05-30,CUST-00311,South,Sports,Fitness,Adjustable Dumbbell 24kg,3,9934.43,0.3,20862.3,1139.64,Credit Card
ORD-100290,2025-05-31,CUST-00511,West,Home & Kitchen,Furniture,ErgoComfort Chair,1,9153.91,0.1,8238.52,1522.95,Credit Card
ORD-100373,2025-05-31,CUST-00162,East,Sports,Fitness,Adjustable Dumbbell 24kg,2,9926.08,0.15,16874.34,2966.98,Credit Card
ORD-100380,2025-05-31,CUST-00443,West,Electronics,Laptop,ThinkPro 14,1,53091.62,0.1,47782.46,3769.6,Cash on Delivery
ORD-100468,2025-05-31,CUST-00544,West,Beauty,Skincare,Vitamin C Serum,4,891.61,0.2,2853.15,808.98,Debit Card
ORD-100970,2025-05-31,CUST-00524,South,Electronics,Mobile,iPhone Zeta,2,68932.38,0.0,137864.76,24292.49,Cash on Delivery
ORD-101373,2025-05-31,CUST-00320,West,Electronics,Laptop,AirBook Slim,2,78871.55,0.0,157743.1,33517.9,Credit Card
ORD-100136,2025-06-01,CUST-00247,West,Home & Kitchen,Appliances,ColdBrew Coffee Maker,1,6821.33,0.0,6821.33,2232.93,Credit Card
ORD-100199,2025-06-01,CUST-00419,North,Home & Kitchen,Furniture,Oakwood Study Desk,1,12418.74,0.05,11797.8,3081.86,UPI
ORD-101148,2025-06-01,CUST-00401,South,Home & Kitchen,Furniture,Oakwood Study Desk,1,13000.4,0.2,10400.32,799.63,Credit Card
ORD-101502,2025-06-01,CUST-00117,South,Fashion,Footwear,UrbanLoafers,2,3395.38,0.2,5432.61,1168.91,Debit Card
ORD-101127,2025-06-02,CUST-00104,South,Home & Kitchen,Appliances,ColdBrew Coffee Maker,1,6724.63,0.4,4034.78,-664.04,UPI
ORD-101129,2025-06-02,CUST-00158,South,Home & Kitchen,Decor,Ceramic Vase Set,3,1556.49,0.1,4202.52,990.45,Credit Card
ORD-100009,2025-06-03,CUST-00157,East,Electronics,Audio,BassBoom Speaker,5,9005.91,0.15,38275.12,-918.11,Debit Card
ORD-100267,2025-06-03,CUST-00175,West,Beauty,Skincare,HydraBoost Moisturizer,2,1203.15,0.0,2406.3,1378.31,Credit Card
ORD-100893,2025-06-03,CUST-00437,South,Sports,Outdoor,TrailHike Backpack 60L,1,3442.27,0.05,3270.16,1101.34,Cash on Delivery
ORD-100992,2025-06-03,CUST-00549,East,Electronics,Audio,SoundPods Pro,1,5100.2,0.2,4080.16,-107.53,UPI
ORD-101314,2025-06-03,CUST-00012,North,Fashion,Men,Oxford Casual Shirt,4,1301.85,0.2,4165.92,870.66,Cash on Delivery
ORD-101485,2025-06-03,CUST-00074,East,Sports,Outdoor,TrailHike Backpack 60L,1,3382.21,0.0,3382.21,1382.7,UPI
ORD-100979,2025-06-04,CUST-00258,South,Electronics,Audio,BassBoom Speaker,1,8994.08,0.2,7195.26,-243.72,UPI
ORD-101134,2025-06-05,CUST-00415,South,Beauty,Skincare,HydraBoost Moisturizer,3,1168.46,0.15,2979.57,1199.86,UPI
ORD-101706,2025-06-06,CUST-00122,South,Beauty,Makeup,HD Foundation Kit,3,1426.49,0.0,4279.47,2265.75,Debit Card
ORD-100376,2025-06-07,CUST-00586,West,Electronics,Laptop,ThinkPro 14,1,56492.35,0.05,53667.73,8477.77,Net Banking
ORD-100680,2025-06-07,CUST-00430,North,Sports,Fitness,Adjustable Dumbbell 24kg,1,10175.51,0.25,7631.63,974.68,UPI
ORD-100763,2025-06-07,CUST-00420,East,Home & Kitchen,Appliances,AirFryer Deluxe,2,8052.71,0.05,15300.15,4015.02,UPI
ORD-101613,2025-06-08,CUST-00482,South,Sports,Fitness,Adjustable Dumbbell 24kg,2,9725.72,0.0,19451.44,6787.7,Credit Card
ORD-101774,2025-06-08,CUST-00484,West,Electronics,Laptop,AirBook Slim,1,76264.89,0.05,72451.65,11146.1,UPI
ORD-101877,2025-06-08,CUST-00033,North,Fashion,Women,Floral Summer Dress,1,1752.3,0.1,1577.07,435.69,UPI
ORD-100084,2025-06-09,CUST-00463,North,Fashion,Footwear,UrbanLoafers,1,3368.4,0.0,3368.4,1393.43,UPI
ORD-100708,2025-06-09,CUST-00538,East,Sports,Outdoor,AllWeather Tent 4P,2,11403.37,0.0,22806.74,8797.74,UPI
ORD-100776,2025-06-09,CUST-00410,West,Home & Kitchen,Appliances,ColdBrew Coffee Maker,2,6242.72,0.2,9988.35,703.23,UPI
ORD-101415,2025-06-09,CUST-00041,North,Fashion,Footwear,UrbanLoafers,4,3436.21,0.1,12370.36,3944.67,Credit Card
ORD-100909,2025-06-10,CUST-00250,North,Sports,Outdoor,TrailHike Backpack 60L,1,3576.54,0.15,3040.06,689.83,Net Banking
ORD-101231,2025-06-10,CUST-00401,North,Beauty,Makeup,Matte Lipstick Set,3,965.46,0.2,2317.1,788.25,Credit Card
ORD-101578,2025-06-10,CUST-00130,South,Beauty,Makeup,HD Foundation Kit,2,1556.7,0.15,2646.39,947.21,Debit Card
ORD-100559,2025-06-11,CUST-00107,East,Beauty,Skincare,Vitamin C Serum,2,943.38,0.05,1792.42,923.62,Debit Card
ORD-101243,2025-06-11,CUST-00327,East,Beauty,Makeup,Matte Lipstick Set,2,1031.94,0.05,1960.69,1010.25,Credit Card
ORD-101309,2025-06-11,CUST-00297,South,Home & Kitchen,Furniture,ErgoComfort Chair,1,8759.0,0.0,8759.0,2662.17,UPI
ORD-101839,2025-06-11,CUST-00473,North,Beauty,Skincare,Vitamin C Serum,1,874.24,0.05,830.53,438.69,UPI
ORD-100319,2025-06-12,CUST-00354,South,Fashion,Women,Knit Winter Sweater,1,2272.77,0.1,2045.49,626.6,Net Banking
ORD-100416,2025-06-12,CUST-00136,South,Beauty,Skincare,Vitamin C Serum,1,932.61,0.05,885.98,422.9,Debit Card
ORD-101754,2025-06-12,CUST-00142,North,Fashion,Men,SlimFit Denim Jeans,1,1912.1,0.4,1147.26,-35.17,Debit Card
ORD-101798,2025-06-12,CUST-00287,East,Home & Kitchen,Decor,Ceramic Vase Set,1,1502.72,0.1,1352.45,303.53,Debit Card
ORD-100034,2025-06-14,CUST-00571,North,Fashion,Footwear,RunFlex Sneakers,4,3114.6,0.2,9966.72,2115.67,Debit Card
ORD-101905,2025-06-14,CUST-00275,North,Electronics,Mobile,Galaxy Nova X5,3,23816.71,0.2,57160.1,-804.14,Net Banking
ORD-101172,2025-06-15,CUST-00455,West,Fashion,Women,Floral Summer Dress,1,1731.22,0.1,1558.1,458.86,UPI
ORD-100156,2025-06-16,CUST-00211,North,Home & Kitchen,Furniture,Oakwood Study Desk,1,13006.13,0.1,11705.52,2584.77,UPI
ORD-100226,2025-06-16,CUST-00382,North,Fashion,Women,Knit Winter Sweater,5,2120.36,0.3,7421.26,425.88,UPI
ORD-100276,2025-06-16,CUST-00141,East,Sports,Outdoor,AllWeather Tent 4P,1,12241.22,0.0,12241.22,4363.26,UPI
ORD-100477,2025-06-16,CUST-00422,North,Fashion,Women,Knit Winter Sweater,1,2093.77,0.15,1779.7,396.21,Debit Card
ORD-101904,2025-06-16,CUST-00005,West,Sports,Outdoor,AllWeather Tent 4P,1,12155.16,0.0,12155.16,4785.15,Debit Card
ORD-100036,2025-06-17,CUST-00245,East,Sports,Outdoor,TrailHike Backpack 60L,2,3414.74,0.05,6488.01,1961.19,Debit Card
ORD-100163,2025-06-17,CUST-00308,West,Fashion,Footwear,UrbanLoafers,2,3610.4,0.15,6137.68,1389.89,Cash on Delivery
ORD-100822,2025-06-17,CUST-00567,North,Home & Kitchen,Appliances,AirFryer Deluxe,1,8163.38,0.25,6122.53,319.9,UPI
ORD-101289,2025-06-17,CUST-00289,West,Fashion,Women,Knit Winter Sweater,1,2234.26,0.1,2010.83,606.12,Debit Card
ORD-101853,2025-06-17,CUST-00091,South,Electronics,Audio,BassBoom Speaker,4,9445.67,0.15,32115.28,-264.1,Net Banking
ORD-101980,2025-06-17,CUST-00507,East,Electronics,Laptop,AirBook Slim,1,82855.67,0.0,82855.67,11638.76,UPI
ORD-100578,2025-06-18,CUST-00488,East,Home & Kitchen,Appliances,AirFryer Deluxe,2,8363.09,0.0,16726.18,5575.62,Cash on Delivery
ORD-101459,2025-06-18,CUST-00277,East,Beauty,Makeup,Matte Lipstick Set,2,1042.47,0.05,1980.69,1052.87,Credit Card
ORD-100251,2025-06-19,CUST-00549,South,Electronics,Mobile,iPhone Zeta,1,73293.89,0.1,65964.5,4761.19,Debit Card
ORD-100327,2025-06-19,CUST-00008,East,Sports,Fitness,ProYoga Mat,1,1287.13,0.2,1029.7,128.84,Debit Card
ORD-100459,2025-06-19,CUST-00245,North,Electronics,Audio,BassBoom Speaker,1,9244.28,0.15,7857.64,179.85,Credit Card
ORD-100888,2025-06-19,CUST-00175,South,Home & Kitchen,Furniture,Oakwood Study Desk,5,12920.48,0.0,64602.4,19212.3,UPI
ORD-100934,2025-06-19,CUST-00213,North,Fashion,Men,Oxford Casual Shirt,2,1258.73,0.0,2517.46,1123.93,Net Banking
ORD-101542,2025-06-19,CUST-00187,South,Home & Kitchen,Furniture,ErgoComfort Chair,3,8995.71,0.0,26987.13,9712.88,UPI
ORD-101679,2025-06-19,CUST-00218,North,Home & Kitchen,Appliances,ColdBrew Coffee Maker,1,6594.89,0.05,6265.15,1662.43,UPI
ORD-101783,2025-06-19,CUST-00207,North,Sports,Outdoor,AllWeather Tent 4P,1,12130.58,0.05,11524.05,4136.6,UPI
ORD-100098,2025-06-20,CUST-00318,North,Fashion,Footwear,UrbanLoafers,3,3354.89,0.25,7548.5,1208.2,Credit Card
ORD-100894,2025-06-20,CUST-00582,East,Home & Kitchen,Appliances,ColdBrew Coffee Maker,2,6282.18,0.0,12564.36,3945.79,Credit Card
ORD-100907,2025-06-20,CUST-00042,West,Sports,Outdoor,AllWeather Tent 4P,1,12139.68,0.05,11532.7,4105.66,Cash on Delivery
ORD-100976,2025-06-20,CUST-00483,East,Electronics,Audio,SoundPods Pro,1,4886.76,0.0,4886.76,812.17,Credit Card
ORD-100164,2025-06-21,CUST-00427,West,Home & Kitchen,Furniture,Oakwood Study Desk,2,12993.31,0.05,24687.29,7660.05,Credit Card
ORD-100868,2025-06-21,CUST-00561,South,Fashion,Footwear,RunFlex Sneakers,1,3140.53,0.05,2983.5,971.5,UPI
ORD-100930,2025-06-21,CUST-00496,West,Home & Kitchen,Appliances,AirFryer Deluxe,2,8017.67,0.05,15233.57,4002.44,Credit Card
ORD-101163,2025-06-21,CUST-00103,West,Electronics,Audio,BassBoom Speaker,1,8818.86,0.05,8377.92,706.41,UPI
ORD-101261,2025-06-21,CUST-00437,West,Electronics,Laptop,ThinkPro 14,1,53864.1,0.0,53864.1,8004.3,UPI
ORD-100116,2025-06-22,CUST-00520,West,Sports,Fitness,Adjustable Dumbbell 24kg,1,10163.35,0.05,9655.18,2793.72,UPI
ORD-100806,2025-06-22,CUST-00332,West,Sports,Fitness,Adjustable Dumbbell 24kg,1,10157.96,0.05,9650.06,3170.85,Debit Card
ORD-100386,2025-06-23,CUST-00175,East,Fashion,Men,Oxford Casual Shirt,1,1362.95,0.1,1226.65,393.27,UPI
ORD-100723,2025-06-23,CUST-00225,North,Sports,Outdoor,AllWeather Tent 4P,1,12042.45,0.05,11440.33,3442.5,Debit Card
ORD-100788,2025-06-23,CUST-00358,South,Fashion,Women,Floral Summer Dress,5,1831.17,0.2,7324.68,1625.62,Cash on Delivery
ORD-101698,2025-06-23,CUST-00031,North,Fashion,Footwear,RunFlex Sneakers,2,2901.19,0.05,5512.26,2161.41,UPI
ORD-100114,2025-06-24,CUST-00296,West,Sports,Fitness,Adjustable Dumbbell 24kg,1,9578.27,0.0,9578.27,3452.72,Credit Card
ORD-100580,2025-06-24,CUST-00264,North,Beauty,Makeup,HD Foundation Kit,2,1564.03,0.05,2971.66,1425.49,UPI
ORD-100773,2025-06-24,CUST-00490,South,Fashion,Women,Floral Summer Dress,2,1882.8,0.2,3012.48,551.48,UPI
ORD-100775,2025-06-24,CUST-00321,North,Electronics,Mobile,Pixel Aura 12,1,32062.28,0.0,32062.28,6588.19,UPI
ORD-100811,2025-06-24,CUST-00213,West,Electronics,Laptop,AirBook Slim,2,77740.64,0.2,124385.02,-4404.61,Debit Card
ORD-101350,2025-06-24,CUST-00159,South,Fashion,Footwear,UrbanLoafers,5,3413.43,0.05,16213.79,5927.91,Credit Card
ORD-101605,2025-06-24,CUST-00430,South,Fashion,Men,Oxford Casual Shirt,1,1322.01,0.0,1322.01,585.8,Net Banking
ORD-101607,2025-06-24,CUST-00246,East,Home & Kitchen,Furniture,ErgoComfort Chair,1,8771.45,0.15,7455.73,893.53,UPI
ORD-101628,2025-06-24,CUST-00152,North,Beauty,Makeup,HD Foundation Kit,2,1448.33,0.05,2751.83,1283.24,Debit Card
ORD-100572,2025-06-25,CUST-00218,North,Sports,Outdoor,AllWeather Tent 4P,3,11551.59,0.0,34654.77,13754.2,Debit Card
ORD-100703,2025-06-25,CUST-00244,West,Sports,Outdoor,AllWeather Tent 4P,1,11415.44,0.0,11415.44,4385.14,UPI
ORD-101418,2025-06-25,CUST-00029,East,Fashion,Women,Floral Summer Dress,4,1833.1,0.0,7332.4,2831.8,UPI
ORD-101541,2025-06-25,CUST-00269,South,Sports,Fitness,ProYoga Mat,1,1317.09,0.1,1185.38,352.75,UPI
ORD-100165,2025-06-26,CUST-00249,South,Sports,Fitness,Adjustable Dumbbell 24kg,1,9972.52,0.15,8476.64,1995.8,Debit Card
ORD-100442,2025-06-26,CUST-00043,South,Sports,Outdoor,TrailHike Backpack 60L,1,3425.1,0.05,3253.84,1126.76,UPI
ORD-101902,2025-06-26,CUST-00300,South,Sports,Outdoor,TrailHike Backpack 60L,1,3425.98,0.2,2740.78,445.2,UPI
ORD-100086,2025-06-27,CUST-00518,South,Home & Kitchen,Appliances,AirFryer Deluxe,1,8105.45,0.0,8105.45,2706.15,Cash on Delivery
ORD-100272,2025-06-27,CUST-00005,South,Sports,Fitness,ProYoga Mat,2,1286.45,0.1,2315.61,699.84,UPI
ORD-100301,2025-06-27,CUST-00575,South,Fashion,Women,Knit Winter Sweater,1,2135.97,0.0,2135.97,868.38,UPI
ORD-100852,2025-06-27,CUST-00185,North,Sports,Fitness,ProYoga Mat,1,1313.73,0.1,1182.36,325.72,UPI
ORD-100971,2025-06-27,CUST-00546,East,Fashion,Men,SlimFit Denim Jeans,3,2047.89,0.0,6143.67,2592.91,Credit Card
ORD-101205,2025-06-27,CUST-00024,West,Home & Kitchen,Furniture,Oakwood Study Desk,2,12749.07,0.05,24223.23,7166.87,Credit Card
ORD-101866,2025-06-27,CUST-00008,South,Electronics,Mobile,Pixel Aura 12,2,34469.74,0.2,55151.58,-3576.39,Debit Card
ORD-101942,2025-06-27,CUST-00222,West,Sports,Outdoor,AllWeather Tent 4P,1,12009.9,0.2,9607.92,1424.83,UPI
ORD-100428,2025-06-28,CUST-00592,North,Electronics,Mobile,Galaxy Nova X5,3,25339.32,0.25,57013.47,-8408.65,UPI
ORD-100474,2025-06-28,CUST-00546,West,Beauty,Makeup,HD Foundation Kit,1,1491.87,0.05,1417.28,698.17,Credit Card
ORD-100494,2025-06-28,CUST-00117,East,Electronics,Mobile,Galaxy Nova X5,1,25736.74,0.2,20589.39,-932.86,Cash on Delivery
ORD-101252,2025-06-28,CUST-00537,South,Sports,Fitness,Adjustable Dumbbell 24kg,1,9652.95,0.15,8205.01,1921.84,Credit Card
ORD-101496,2025-06-28,CUST-00116,North,Sports,Fitness,ProYoga Mat,1,1273.75,0.0,1273.75,439.59,Credit Card
ORD-101733,2025-06-28,CUST-00141,East,Electronics,Laptop,AirBook Slim,4,77249.3,0.05,293547.34,35495.69,Debit Card
ORD-100418,2025-06-29,CUST-00452,North,Electronics,Audio,BassBoom Speaker,1,9123.95,0.15,7755.36,-121.85,UPI
ORD-100441,2025-06-29,CUST-00400,South,Fashion,Footwear,UrbanLoafers,1,3610.8,0.0,3610.8,1387.28,Credit Card
ORD-100650,2025-06-29,CUST-00392,North,Sports,Outdoor,TrailHike Backpack 60L,1,3472.04,0.0,3472.04,1410.97,UPI
ORD-100294,2025-06-30,CUST-00433,West,Fashion,Footwear,UrbanLoafers,2,3520.79,0.15,5985.34,1521.02,Debit Card
ORD-100923,2025-06-30,CUST-00450,West,Fashion,Women,Floral Summer Dress,1,1830.82,0.0,1830.82,822.71,Net Banking
ORD-101513,2025-06-30,CUST-00297,South,Beauty,Makeup,Matte Lipstick Set,1,1029.81,0.1,926.83,374.02,Debit Card
